pair_id,query_id,target_grade,question_en,candidate_A_lecture_hi,candidate_B_lecture_hi,human_vote_A_supports (0/1),human_vote_B_supports (0/1),human_preference (A/B/Tie),human_annotator_notes
pair_001,q_train_sqa_776,grade7,Select the organism in the same species as the bobcat.,...,"वैज्ञानिक जीवों की पहचान करने के लिए वैज्ञानिक नामों का उपयोग करते हैं। वैज्ञानिक नाम दो शब्दों से बने होते हैं। किसी जीव के वैज्ञानिक नाम में पहला शब्द उस जीव के वंश को दर्शाता है। वंश उन जीवों का समूह होता है जो कई लक्षण साझा करते हैं। एक वंश एक या अधिक प्रजातियों से बना होता है। प्रजाति अत्यंत समान जीवों का समूह होती है। किसी जीव के वैज्ञानिक नाम में दूसरा शब्द उसके वंश के भीतर उसकी प्रजाति को बताता है। मिलकर, किसी जीव के वैज्ञानिक नाम के दोनों भाग उसकी प्रजाति की पहचान करते हैं। उदाहरण के लिए, Ursus maritimus और Ursus americanus भालुओं की दो प्रजातियाँ हैं। ये दोनों समान वंश, Ursus, का हिस्सा हैं। लेकिन वे उसी वंश के भीतर अलग-अलग प्रजातियाँ हैं। Ursus maritimus का प्रजाति नाम maritimus है। Ursus americanus का प्रजाति नाम americanus है। दोनों भालुओं में छोटे गोल कान और तेज पंजे होते हैं। लेकिन Ursus maritimus में सफेद फर होता है और Ursus americanus में काला फर होता है।",,,,
pair_002,q_train_sqa_130,grade7,"Would you find the word scoop on a dictionary page with the following guide words?
seam - sheriff","शब्दकोश के प्रत्येक पृष्ठ पर मार्गदर्शक शब्द दिखाई देते हैं। ये शब्द आपको उस पृष्ठ पर छपे पहले और अंतिम शब्द बताते हैं। पृष्ठ पर स्थित अन्य सभी शब्द वर्णानुक्रम में इन मार्गदर्शक शब्दों के मध्य आते हैं। शब्दों को वर्णानुक्रम में व्यवस्थित करने के लिए, उन्हें उनके पहले अक्षर के अनुसार क्रमबद्ध करें। यदि पहले अक्षर समान हों, तो दूसरे अक्षर देखें। यदि दूसरे अक्षर समान हों, तो तीसरे अक्षर देखें, और इसी प्रकार आगे बढ़ें।",...,,,,
pair_003,q_train_sqa_28,grade7,How long is a guitar?,"मापों को हमेशा एक संख्या और एक इकाई के साथ लिखा जाता है। इकाई संख्या के बाद आती है। इकाई यह दर्शाती है कि संख्या का क्या अर्थ है।

कल्पना कीजिए कि आपको बताया जाए कि एक पेंसिल 16 लंबी है। आप सोच सकते हैं, 16 क्या? क्या पेंसिल 16 सेंटीमीटर लंबी है? 16 मीटर? 16 किलोमीटर?

केवल 16 संख्या अकेले पेंसिल की लंबाई के बारे में आपको अधिक जानकारी नहीं देती। ऐसा इसलिए है क्योंकि इकाइयाँ अनुपस्थित हैं।

अब पेंसिल और रूलर के चित्र को देखें। रूलर से स्पष्ट होता है कि इकाई सेंटीमीटर है। इसलिए, पेंसिल की लंबाई 16 सेंटीमीटर है।

1 मीटर में 100 सेंटीमीटर होते हैं। इसलिए, 1 सेंटीमीटर, 1 मीटर की तुलना में बहुत छोटा होता है।

1 किलोमीटर में 1,000 मीटर होते हैं। इसलिए, 1 मीटर, 1 किलोमीटर की तुलना में बहुत छोटा होता है।",...,,,,
pair_004,q_train_sqa_910,grade2,Will these magnets attract or repel each other?,"चुंबक एक-दूसरे को स्पर्श किए बिना भी एक-दूसरे को खींच या धकेल सकते हैं। जब चुंबक आकर्षित होते हैं, तो वे एक-दूसरे की ओर खिंचते हैं। जब चुंबक प्रतिकर्षित होते हैं, तो वे एक-दूसरे से दूर धकेले जाते हैं। चुंबकों के बीच लगने वाले इन खिंचाव और धकेलने वाले बलों को चुंबकीय बल कहा जाता है। दो चुंबकों के बीच चुंबकीय बल जितना अधिक प्रबल होगा, चुंबक उतनी ही अधिक तीव्रता से एक-दूसरे को आकर्षित या प्रतिकर्षित करेंगे।",...,,,,
pair_005,q_train_sqa_324,grade6,"Complete the text to describe the diagram.
Solute particles moved in both directions across the permeable membrane. But more solute particles moved across the membrane (). When there was an equal concentration on both sides, the particles reached equilibrium.",...,"विलयन में, विलेय कण विलायक में गति करते हुए पूरे क्षेत्र में फैल जाते हैं। नीचे दिया गया आरेख दिखाता है कि समय के साथ एक विलयन कैसे बदल सकता है। विलेय कण उस क्षेत्र से उस क्षेत्र की ओर गति करते हैं जहाँ उनकी सांद्रता अधिक होती है, उस क्षेत्र की ओर जहाँ उनकी सांद्रता कम होती है। यह गति विसरण की प्रक्रिया के माध्यम से होती है।

विसरण के परिणामस्वरूप, विलेय कणों की सांद्रता विलयन भर में समान हो जाती है। जब ऐसा होता है, तो विलेय कण साम्यावस्था प्राप्त कर लेते हैं। साम्यावस्था पर, विलेय कण गति करना बंद नहीं करते। लेकिन विलयन भर में उनकी सांद्रता समान ही रहती है।

झिल्लियाँ, या पतली सीमाएँ, विलयनों को भागों में विभाजित कर सकती हैं। एक झिल्ली विलेय के लिए पारगम्य होती है जब विलेय के कण झिल्ली में मौजूद अंतरालों से गुजर सकते हैं। इस स्थिति में, विलेय कण एक तरफ से दूसरी तरफ झिल्ली के पार स्वतंत्र रूप से गति कर सकते हैं।

इसलिए, विलेय कणों के साम्यावस्था तक पहुँचने के लिए, अधिक कण विलेय कणों की उच्च सांद्रता वाली तरफ से कम सांद्रता वाली तरफ की ओर पारगम्य झिल्ली के पार गति करेंगे। साम्यावस्था पर,",,,,
pair_006,q_train_sqa_291,grade3,How long is a hiking trail?,"माप को एक संख्या और एक इकाई के साथ लिखा जाता है। इकाई संख्या के बाद आती है। इकाई यह दर्शाती है कि संख्या का क्या अर्थ है।

जब मीट्रिक इकाइयों का उपयोग किया जाता है, तो लंबाई को मिलीमीटर, सेंटीमीटर, मीटर या किलोमीटर की इकाइयों में लिखा जा सकता है। एक मीटर में 100 सेंटीमीटर या 1,000 मिलीमीटर होते हैं। इसलिए, 1 मीटर, 1 सेंटीमीटर से बड़ा होता है, और 1 सेंटीमीटर, 1 मिलीमीटर से बड़ा होता है।

यहाँ दिखाई गई पेंसिल का नोक केवल 1 मिलीमीटर चौड़ा है, लेकिन पेंसिल की लंबाई लगभग 16 सेंटीमीटर है।

एक रेड फॉक्स की लंबाई लगभग 1 मीटर होती है। ऑस्ट्रेलिया में स्थित सिडनी हार्बर ब्रिज की लंबाई लगभग 1,000 मीटर या 1 किलोमीटर है।",...,,,,
pair_007,q_train_sqa_265,grade6,Which air temperature was measured within the outlined area shown?,"वायु द्रव्यों का अध्ययन करने के लिए, वैज्ञानिक ऐसे मानचित्रों का उपयोग कर सकते हैं जो पृथ्वी के वायुमंडल के भीतर की स्थितियों को दर्शाते हैं। उदाहरण के लिए, नीचे दिया गया मानचित्र वायु तापमान को दर्शाने के लिए रंगों का उपयोग करता है। मानचित्र की कुंजी बताती है कि प्रत्येक रंग किस तापमान को दर्शाता है। कुंजी में बाईं ओर के रंग दाईं ओर के रंगों की तुलना में निम्न तापमान को दर्शाते हैं। उदाहरण के लिए, मानचित्र पर वे क्षेत्र जो नीले रंग के सबसे गहरे शेड वाले हैं, उनका तापमान -25°C से लेकर -20°C तक होता है। अगले सबसे गहरे नीले शेड वाले क्षेत्रों का तापमान -20°C से लेकर -15°C तक होता है।","वायु द्रव्यों का अध्ययन करने के लिए, वैज्ञानिक ऐसे मानचित्रों का उपयोग कर सकते हैं जो पृथ्वी के वायुमंडल के भीतर की स्थितियों को दर्शाते हैं। उदाहरण के लिए, नीचे दिया गया मानचित्र वायु तापमान को दर्शाने के लिए रंगों का उपयोग करता है। मानचित्र की कुंजी बताती है कि प्रत्येक रंग किस तापमान को दर्शाता है। कुंजी में बाईं ओर के रंग दाईं ओर के रंगों की तुलना में निम्न तापमान को दर्शाते हैं। उदाहरण के लिए, मानचित्र पर वे क्षेत्र जो नीले रंग के सबसे गहरे शेड वाले हैं, उनका तापमान -25°C से लेकर -20°C तक होता है। अगले सबसे गहरे नीले शेड वाले क्षेत्रों का तापमान -20°C से लेकर -15°C तक होता है।",,,,
pair_008,q_train_sqa_165,grade8,Compare the average kinetic energies of the particles in each sample. Which sample has the higher temperature?,...,"किसी पदार्थ का तापमान उसमें उपस्थित कणों की औसत गतिज ऊर्जा पर निर्भर करता है। कणों की औसत गतिज ऊर्जा जितनी अधिक होगी, पदार्थ का तापमान उतना ही अधिक होगा। किसी कण की गतिज ऊर्जा उसके द्रव्यमान और चाल द्वारा निर्धारित होती है। एक शुद्ध पदार्थ के लिए, यदि पदार्थ में प्रत्येक कण का द्रव्यमान अधिक हो और कणों की औसत चाल अधिक हो, तो उनकी औसत गतिज ऊर्जा भी अधिक होगी।",,,,
pair_009,q_train_sqa_905,grade12,"Which type of sentence is this?
Dominic took several incredible panoramic photographs of the sweeping view from the top of Table Mountain.",...,...,,,,
pair_010,q_train_sqa_118,grade4,What is this tarantula's scientific name?,...,...,,,,
pair_011,q_train_sqa_825,grade6,"Complete the text to describe the diagram.
Solute particles moved in both directions across the permeable membrane. But more solute particles moved across the membrane (). When there was an equal concentration on both sides, the particles reached equilibrium.","विलयन में, विलेय कण विलायक में गति करते हुए पूरे क्षेत्र में फैल जाते हैं। नीचे दिया गया आरेख दिखाता है कि समय के साथ एक विलयन कैसे बदल सकता है। विलेय कण उस क्षेत्र से उस क्षेत्र की ओर गति करते हैं जहाँ उनकी सांद्रता अधिक होती है, उस क्षेत्र की ओर जहाँ उनकी सांद्रता कम होती है। यह गति विसरण की प्रक्रिया के माध्यम से होती है।

विसरण के परिणामस्वरूप, विलेय कणों की सांद्रता विलयन भर में समान हो जाती है। जब ऐसा होता है, तो विलेय कण साम्यावस्था प्राप्त कर लेते हैं। साम्यावस्था पर, विलेय कण गति करना बंद नहीं करते। लेकिन विलयन भर में उनकी सांद्रता समान ही रहती है।

झिल्लियाँ, या पतली सीमाएँ, विलयनों को भागों में विभाजित कर सकती हैं। एक झिल्ली विलेय के लिए पारगम्य होती है जब विलेय के कण झिल्ली में मौजूद अंतरालों से गुजर सकते हैं। इस स्थिति में, विलेय कण एक तरफ से दूसरी तरफ झिल्ली के पार स्वतंत्र रूप से गति कर सकते हैं।

इसलिए, विलेय कणों के साम्यावस्था तक पहुँचने के लिए, अधिक कण विलेय कणों की उच्च सांद्रता वाली तरफ से कम सांद्रता वाली तरफ की ओर पारगम्य झिल्ली के पार गति करेंगे। साम्यावस्था पर,",...,,,,
pair_012,q_train_sqa_909,grade6,What information supports the conclusion that Judith inherited this trait?,"सभी जीवों में वंशागत सामग्री के खंड होते हैं जिन्हें जीन कहा जाता है, जो माता-पिता से संतानों में स्थानांतरित होते हैं। जीनों में किसी जीव के भागों को बनाने के लिए निर्देश निहित होते हैं। किसी जीव के जीन उसके दृश्यमान लक्षणों को प्रभावित करते हैं, जिनमें उसका स्वरूप, व्यवहार और संभावित रोग शामिल हैं। जीनों में विभिन्न एलील (रूप) हो सकते हैं, जो लक्षण के विभिन्न संस्करण उत्पन्न कर सकते हैं।

उदाहरण के लिए, मटर के पौधों में फूलों का रंग एक लक्षण है। इस लक्षण के लिए जीन में दो संभावित एलील होते हैं। प्रत्येक एलील को एक बड़े या छोटे अक्षर द्वारा दर्शाया जाता है। एलील F बैंगनी फूलों के लिए होता है, जबकि एलील f सफेद फूलों के लिए होता है। प्रत्येक मटर के पौधे में फूलों के रंग के जीन के लिए दो एलील होते हैं—एक एलील प्रत्येक माता-पिता से विरासत में मिलता है।

किसी जीव का किसी जीन के लिए जीनोटाइप उस विशिष्ट जीन के लिए इसके एलीलों का संयोजन होता है। अतः, मटर के पौधे में फूलों के रंग के जीन के लिए FF, Ff, या ff जीनोटाइप हो सकता है।

किसी जीव का किसी लक्षण के लिए फेनोटाइप उस लक्षण का उसका दृश्यमान ",...,,,,
pair_013,q_train_sqa_1097,grade4,What is the mass of a fire truck?,"पदार्थ परमाणुओं नामक सूक्ष्म कणों से बना होता है। परमाणु सदैव गति में रहते हैं।
गतिमान परमाणुओं की ऊर्जा को ऊष्मीय ऊर्जा कहा जाता है। पदार्थ में ऊष्मीय ऊर्जा की कुल मात्रा तीन बातों पर निर्भर करती है: पदार्थ का प्रकार, पदार्थ की मात्रा और परमाणु कितनी तेजी से गति कर रहे हैं।
तापमान यह मापता है कि पदार्थ कितना गर्म या ठंडा है। यदि पदार्थ के परमाणु धीमे हो जाते हैं, तो तापमान कम हो जाता है। अब उस पदार्थ में कम ऊष्मीय ऊर्जा और निम्न तापमान दोनों होते हैं।
यदि पदार्थ की मात्रा बदल जाती है, तो क्या होता है? 70°F तापमान वाली 2-किलोग्राम की ईंट में, 70°F तापमान वाली 1-किलोग्राम की ईंट की तुलना में दोगुनी अधिक ऊष्मीय ऊर्जा होती है। दोनों ईंटों का तापमान समान है, लेकिन बड़ी ईंट में परमाणुओं की संख्या दोगुनी होती है। इसलिए, इसमें दोगुनी अधिक ऊष्मीय ऊर्जा होती है।",...,,,,
pair_014,q_train_sqa_662,grade7,Think about the magnetic force between the magnets in each pair. Which of the following statements is true?,"चुंबक एक-दूसरे को स्पर्श किए बिना भी एक-दूसरे को खींच या धकेल सकते हैं। जब चुंबक आकर्षित करते हैं, तो वे एक-दूसरे की ओर खिंचते हैं। जब चुंबक प्रतिकर्षित करते हैं, तो वे एक-दूसरे से दूर धकेले जाते हैं।

चुंबकों के बीच लगने वाले इन खिंचाव और धक्कों को चुंबकीय बल कहते हैं। दो चुंबकों के बीच चुंबकीय बल जितना अधिक प्रबल होगा, चुंबक उतनी ही अधिक शक्ति से एक-दूसरे को आकर्षित या प्रतिकर्षित करेंगे।

आप चुंबकों के बीच की दूरी बदलकर दो चुंबकों के बीच चुंबकीय बल की प्रबलता को परिवर्तित कर सकते हैं। जब चुंबक एक-दूसरे के अधिक निकट होते हैं, तो चुंबकीय बल अधिक प्रबल होता है।",...,,,,
pair_015,q_train_sqa_102,grade8,"What do these two changes have in common?
a slice of banana turning brown
grilling a hamburger",...,...,,,,
pair_016,q_train_sqa_721,grade2,Is an airplane a good or a service?,...,"आप जो कुछ भी खरीद सकते हैं, वह या तो एक वस्तु होती है या सेवा।
वस्तु वह चीज़ है जिसे आप छू सकते हैं या अपने हाथों में पकड़ सकते हैं। उदाहरण के लिए, हथौड़ा एक वस्तु है।
सेवा वह काम है जिसके लिए आप किसी और को भुगतान करते हैं। उदाहरण के लिए, रेस्तरां में खाना बनाना एक सेवा है।",,,,
pair_017,q_train_sqa_504,grade12,Which text uses the word can in its traditional sense?,...,...,,,,
pair_018,q_train_sqa_37,grade6,Identify the question that Gabe's experiment can best answer.,...,"प्रयोगों को विशिष्ट प्रश्नों के उत्तर देने के लिए डिज़ाइन किया जा सकता है। आप किसी विशेष प्रयोग द्वारा किन प्रश्नों के उत्तर दिए जा सकते हैं, यह कैसे पहचानें? ऐसा करने के लिए, आपको यह समझना होगा कि प्रयोग के दौरान क्या परीक्षण किया गया और क्या मापा गया।

दफोडिल पौधों के दो समूहों वाले एक प्रयोग की कल्पना करें। पौधों का एक समूह बलुई मिट्टी में उगाया गया, जबकि दूसरा समूह चिकनी मिट्टी में उगाया गया। फिर, प्रत्येक पौधे की ऊँचाई मापी गई।

सबसे पहले, उस प्रयोग के भाग की पहचान करें जिसका परीक्षण किया गया था। किसी प्रयोग में जिस भाग का परीक्षण किया जाता है, आमतौर पर वह प्रायोगिक व्यवस्था के उस भाग से संबंधित होता है जो अलग या बदला हुआ होता है। उपरोक्त वर्णित प्रयोग में, पौधों के प्रत्येक समूह को अलग-अलग प्रकार की मिट्टी में उगाया गया था। इसलिए, अलग-अलग प्रकार की मिट्टियों में पौधे उगाने के प्रभाव का परीक्षण किया गया था।

फिर, उस प्रयोग के भाग की पहचान करें जिसका मापन किया गया था। जिस भाग का मापन किया जाता है, उसमें माप और गणनाएँ शामिल हो सकती हैं। उपरोक्त वर्णित प्रयोग में, प्रत्येक समूह के पौ",,,,
pair_019,q_train_sqa_35,grade3,"Is the following trait inherited or acquired?
Bobby has a scar on his left leg.",...,"जीव, जिनमें मनुष्य भी शामिल हैं, में वंशानुगत और अर्जित दोनों प्रकार के लक्षण पाए जाते हैं। वंशानुगत और अर्जित लक्षण अलग-अलग तरीकों से प्राप्त किए जाते हैं।
वंशानुगत लक्षण परिवारों से पीढ़ी-दर-पीढ़ी स्थानांतरित होते हैं। बच्चे इन लक्षणों को अपने माता-पिता से प्राप्त करते हैं। वंशानुगत लक्षणों को सीखने की आवश्यकता नहीं होती है।
अर्जित लक्षण व्यक्ति के जीवनकाल के दौरान प्राप्त किए जाते हैं। कुछ अर्जित लक्षण, जैसे कि साइकिल चलाना, सीखने द्वारा प्राप्त किए जाते हैं। अन्य अर्जित लक्षण, जैसे कि घाव के निशान, पर्यावरण के कारण होते हैं। बच्चे अपने माता-पिता के अर्जित लक्षणों को विरासत में नहीं पाते।",,,,
pair_020,q_train_sqa_108,grade7,"Which figure of speech is used in this text?
""This mattress is as soft as concrete,"" Tyler complained as he tested the bed in his hotel room.","भाषा के ऐसे प्रयोग (फिगर्स ऑफ स्पीच) वे शब्द या वाक्यांश होते हैं जो भाषा का उपयोग शाब्दिक अर्थ से हटकर या किसी असामान्य तरीके से करते हैं। ये लेखन को अधिक अभिव्यक्तिपूर्ण बना सकते हैं。
मौखिक विरोधाभास (Verbal irony) में एक बात कहना लेकिन कुछ बिल्कुल अलग इशारा करना शामिल है। लोग अक्सर तब मौखिक विरोधाभास का प्रयोग करते हैं जब वे व्यंग्यात्मक हो रहे होते हैं。
ओलिविया ऐसी लग रही है मानो उसकी कार बार-बार खराब होने पर वह बेहद उत्साहित हो रही है。
हर बार कार खराब होने का अनुभव चेहरे पर मुक्का मारने जितना ही आनंददायक लगता है।",...,,,,
pair_021,q_train_sqa_259,grade8,"Is the following statement about our solar system true or false?
The four largest planets are made mainly of gas or ice.","ग्रह का आयतन आपको उसके आकार के बारे में बताता है। ग्रह की प्रमुख संरचना यह दर्शाती है कि वह ग्रह मुख्य रूप से किस पदार्थ से बना है। हमारे सौर मंडल में ग्रह मुख्य रूप से चट्टान, गैस या बर्फ से बने होते हैं।",...,,,,
pair_022,q_train_sqa_277,grade5,Which of these continents does the prime meridian intersect?,...,एक महाद्वीप पृथ्वी के प्रमुख भूखंडों में से एक है। अधिकतर लोग मानते हैं कि सात महाद्वीप हैं।,,,,
pair_023,q_train_sqa_605,grade4,What can seeds look like?,"मापन में एक संख्या और एक इकाई दोनों लिखी जाती हैं। इकाई संख्या के बाद आती है। इकाई यह दर्शाती है कि वह संख्या किस बात का संकेत देती है。

कल्पना कीजिए कि आपको बताया जाए कि बस 7 में रवाना होगी। आप सोच सकते हैं, 7 क्या? क्या बस 7 मिनट में चलेगी? 7 सेकंड में?

अकेली संख्या 7 आपको यह जानने के लिए ज्यादा जानकारी नहीं देती कि बस कब रवाना हो रही है। ऐसा इसलिए होता है क्योंकि इकाइयाँ अनुपस्थित हैं。

समय को आमतौर पर सेकंड, मिनट या घंटे की इकाइयों में मापा जाता है। छींकने में लगभग 1 सेकंड और सुबह कपड़े पहनने में लगभग 1 मिनट लगता है। ओवन में पाई पकाने में लगभग 1 घंटा लगता है。

1 मिनट में 60 सेकंड होते हैं। इसलिए, 1 सेकंड, 1 मिनट से बहुत कम होता है。

1 घंटे में 60 मिनट होते हैं। इसलिए, 1 मिनट, 1 घंटे से बहुत कम होता है。",...,,,,
pair_024,q_train_sqa_733,grade7,Which sentence is more formal?,"औपचारिक लेखन का उपयोग निबंधों, व्यावसायिक पत्रों और रिपोर्टों के लिए किया जाता है। औपचारिक लेखन में निम्नलिखित अनौपचारिक भाषा के प्रकारों से बचना चाहिए:
प्रकार | उदाहरण
स्लैंग | cool, awesome
मुहावरे | knock your socks off
बोलचाल की भाषा | gonna, kinda, yeah
संक्षिप्त भाषा | ASAP, FYI
अत्यधिक सरल या अस्पष्ट भाषा | he got some stuff at the store
संक्षिप्त रूप | can't, won't
संक्षिप्त रूप अन्य प्रकारों की तुलना में इतने अनौपचारिक नहीं हैं, लेकिन औपचारिक लेखन में इन्हें सीमित मात्रा में ही उपयोग करना चाहिए।
निम्नलिखित वाक्यों की तुलना करें। पहला वाक्य अनौपचारिक है। दूसरा वाक्य औपचारिक है।
अनौपचारिक: हाँ, शुतुरमुर्ग उड़ नहीं सकते, लेकिन वे शानदार दौड़ने वाले हैं।
औपचारिक: यद्यपि शुतुरमुर्ग उड़ने में असमर्थ होते हैं, फिर भी वे अत्यंत कुशल दौड़ने वाले हैं।","वाक्य शब्दों का एक समूह है जो एक पूर्ण विचार व्यक्त करता है।
जिस बैंड में मैं हूँ, वह प्रतिदिन अभ्यास कर रहा है क्योंकि हमारे पास दो सप्ताह बाद एक संगीत कार्यक्रम है।
रन-ऑन वाक्य (Run-on sentence) तब बनता है जब दो वाक्यों को केवल एक अल्पविराम (comma) या बिल्कुल भी कोई विराम चिह्न दिए बिना आपस में जोड़ दिया जाता है। यदि केवल अल्पविराम का उपयोग किया जाता है, तो ऐसे रन-ऑन वाक्य को 'कॉमा स्पाइस' (comma splice) कहा जाता है।
जिस बैंड में मैं हूँ, वह प्रतिदिन अभ्यास कर रहा है, हमारे पास दो सप्ताह बाद एक संगीत कार्यक्रम है।
जिस बैंड में मैं हूँ, वह प्रतिदिन अभ्यास कर रहा है हमारे पास दो सप्ताह बाद एक संगीत कार्यक्रम है।
रन-ऑन वाक्य को ठीक करने के कई तरीके हैं:
मजबूत विराम चिह्नों का उपयोग करें, जैसे पूर्ण विराम (period) या अर्धविराम (semicolon)।
जिस बैंड में मैं हूँ, वह प्रतिदिन अभ्यास कर रहा है। हमारे पास दो सप्ताह बाद एक संगीत कार्यक्रम है।
जिस बैंड में मैं हूँ, वह प्रतिदिन अभ्यास कर रहा है; हमारे पास दो सप्ताह बाद एक संगीत कार्यक्रम है।
संयुक्त वाक्य (compound sentence) बनाने के लिए अल्पविर",,,,
pair_025,q_train_sqa_31,grade4,Select the living thing.,"पौधे और जानवर जीवित प्राणी हैं। जीवित प्राणियों को जीव कहा जाता है।
पौधे विभिन्न आकार और रूपों में पाए जाते हैं। अधिकांश पौधे मिट्टी में उगते हैं। उनमें पत्तियाँ, फूल और फल हो सकते हैं। पौधे जानवरों की तरह स्वयं चल-फिर नहीं सकते।
जानवर भी विभिन्न आकार और रूपों में पाए जाते हैं। अधिकांश जानवर चल-फिर सकते हैं। जानवर दौड़ सकते हैं, तैर सकते हैं, कूद सकते हैं या उड़ सकते हैं। भोजन के लिए जानवर पौधों या अन्य जीवों को खाते हैं।",...,,,,
pair_026,q_train_sqa_685,grade7,Which solution has a higher concentration of purple particles?,...,...,,,,
pair_027,q_train_sqa_236,grade3,Select the amphibian below.,...,"पक्षी, स्तनधारी, मछलियाँ, सरीसृप और उभयचर जानवरों के समूह हैं। प्रत्येक समूह के जानवरों में कुछ सामान्य लक्षण होते हैं। वैज्ञानिक उनके साझा लक्षणों के आधार पर जानवरों को अलग-अलग समूहों में व्यवस्थित करते हैं। इस प्रक्रिया को वर्गीकरण कहा जाता है।",,,,
pair_028,q_train_sqa_874,grade8,"Would you find the word excite on a dictionary page with the following guide words?
engine - essay",...,"शब्दकोश के प्रत्येक पृष्ठ पर मार्गदर्शक शब्द दिखाई देते हैं। ये शब्द आपको उस पृष्ठ पर छपे पहले और अंतिम शब्द बताते हैं। पृष्ठ पर स्थित अन्य सभी शब्द वर्णानुक्रम में इन मार्गदर्शक शब्दों के मध्य आते हैं। शब्दों को वर्णानुक्रम में व्यवस्थित करने के लिए, उन्हें उनके पहले अक्षर के अनुसार क्रमबद्ध करें। यदि पहले अक्षर समान हों, तो दूसरे अक्षर देखें। यदि दूसरे अक्षर समान हों, तो तीसरे अक्षर देखें, और इसी प्रकार आगे बढ़ें।",,,,
pair_029,q_train_sqa_788,grade4,Which of these states is farthest south?,"चुंबक एक-दूसरे को छुए बिना भी खींच या धकेल सकते हैं। जब चुंबक आकर्षित करते हैं, तो वे एक-दूसरे की ओर खिंचते हैं। जब चुंबक प्रतिकर्षित करते हैं, तो वे एक-दूसरे से दूर धकेले जाते हैं।

किसी चुंबक द्वारा अन्य चुंबकों को आकर्षित करने या प्रतिकर्षित करने की क्षमता उसके ध्रुवों या सिरों की स्थिति पर निर्भर करती है। प्रत्येक चुंबक में दो ध्रुव होते हैं, जिन्हें उत्तर और दक्षिण ध्रुव कहा जाता है।

यहाँ कुछ चुंबकों के उदाहरण दिए गए हैं। प्रत्येक चुंबक का उत्तर ध्रुव N से और दक्षिण ध्रुव S से चिह्नित है।

यदि विपरीत ध्रुव एक-दूसरे के सबसे निकट हों, तो चुंबक आकर्षित करते हैं। नीचे दिए गए युग्म के चुंबक आकर्षित हो रहे हैं।

यदि समान ध्रुव एक-दूसरे के सबसे निकट हों, तो चुंबक प्रतिकर्षित करते हैं। नीचे दिए गए दोनों युग्मों के चुंबक प्रतिकर्षित हो रहे हैं।",...,,,,
pair_030,q_train_sqa_854,grade12,"Is this a sentence fragment?
Smoke from the cabin visible for miles up and down the coast.",...,"एक वाक्य शब्दों का वह समूह है जो एक पूर्ण विचार व्यक्त करता है। इसमें कर्ता और क्रिया दोनों होते हैं।
मेरे दोस्त रास्ते पर चलते हैं।
वाक्य खंड (Sentence Fragment) शब्दों का वह समूह है जो एक पूर्ण विचार नहीं व्यक्त करता। इसमें आमतौर पर कर्ता या क्रिया अनुपस्थित होती है।
उत्तर जानता है।
यह एक वाक्य खंड है। इसमें कर्ता की कमी है।
कौन उत्तर जानता है? वह उत्तर जानती है।
चमकीली लाल कार।
यह एक वाक्य खंड है। इसमें क्रिया की कमी है।
चमकीली लाल कार ने क्या किया? चमकीली लाल कार रुक गई।
रन-ऑन सेंटेन्स (Run-on Sentence) दो वाक्यों से बना होता है जो बिना अंत विराम चिह्न के या केवल एक अल्पविराम (comma) लगाकर जोड़े गए हों।
मैंने दरवाजे पर दस्तक दी वह खुल गया।
बारिश शुरू हुई, हम अंदर भाग गए।
रन-ऑन सेंटेन्स को ठीक करने के लिए, उसे दो वाक्यों में बाँट दें। पहले वाक्य के बाद अंत विराम चिह्न लगाएँ, और दूसरे वाक्य के पहले अक्षर को बड़े अक्षर (Capital) में लिखें।
मैंने दरवाजे पर दस्तक दी। वह खुल गया।
बारिश शुरू हुई। हम अंदर भाग गए।
आप रन-ऑन सेंटेन्स को कॉम्पाउंड सेंटेन्स (Compound Sentence) के रूप में पुनः ल",,,,
pair_031,q_train_sqa_1185,grade9,"Which logical fallacy is used in the text?
I won't even bother to respond to Isaiah's comment on my op-ed. His profile picture is a duck wearing a top hat—he's clearly incapable of thoughtful debate.","एक प्रभावी तर्क किसी दावे के समर्थन में वैध तर्कशास्त्र और तर्क का उपयोग करता है। जब कोई तर्क या दावा असंबंधित जानकारी पेश करता है या वर्तमान मुद्दों को गलत तरीके से प्रस्तुत करता है, तो वह तार्किक भ्रम हो सकता है। तार्किक भ्रम लेखक की विश्वसनीयता को नुकसान पहुंचा सकते हैं और पाठकों को गलत निष्कर्ष निकालने पर प्रेरित कर सकते हैं。

एक तार्किक भ्रम असंबंधित जानकारी पेश कर सकता है:
भ्रम | विवरण
ad hominem | तर्क प्रस्तुत करने वाले व्यक्ति पर हमला, न कि स्वयं तर्क पर
appeal to nature | ऐसा तर्क जो यह मानता है कि प्राकृतिक विकल्प हमेशा सर्वोत्तम होता है
bandwagon fallacy | ऐसा तर्क जो यह मानता है कि लोकप्रिय विकल्प हमेशा सर्वोत्तम होता है
circular reasoning | ऐसा तर्क जो किसी दावे का समर्थन उसी दावे से करता है
guilt by association | किसी अन्य व्यक्ति या समूह के साथ एक अन्यायपूर्ण ऋणात्मक संबंध, जिसका उद्देश्य किसी व्यक्ति या वस्तु की बदनामी करना है

एक तार्किक भ्रम वर्तमान मुद्दों को गलत तरीके से प्रस्तुत कर सकता है:
भ्रम | विवरण
false causation | यह धारणा कि क्योंकि दो चीजें एक साथ हुईं, इ",...,,,,
pair_032,q_train_sqa_498,grade5,Select the one animal that has all of the arachnid traits listed above.,"अनुकूलन एक वंशानुगत लक्षण है जो किसी जीव के जीवित रहने या प्रजनन करने में सहायता करता है। अनुकूलन शरीर के अंगों और व्यवहार दोनों को शामिल कर सकते हैं। किसी जानवर के मुंह का आकार अनुकूलन का एक उदाहरण है। जानवरों के मुंह विभिन्न तरीकों से अनुकूलित हो सकते हैं। उदाहरण के लिए, तेज दांतों वाला बड़ा मुंह किसी जानवर को मांस फाड़ने में मदद कर सकता है। लंबा और पतला मुंह किसी जानवर को छिद्रों में रहने वाले कीटों को पकड़ने में सहायक हो सकता है। समान भोजन खाने वाले जानवरों के मुंह अक्सर समान होते हैं।",...,,,,
pair_033,q_train_sqa_262,grade5,"Which tense does the sentence use?
Dad will sew a patch on my pants.",...,...,,,,
pair_034,q_train_sqa_536,grade3,"Is vinegar a solid, a liquid, or a gas?",...,"ठोस, द्रव और गैस पदार्थ की अवस्थाएँ हैं। पदार्थ वह सब कुछ है जो स्थान घेरता है। पदार्थ विभिन्न अवस्थाओं या रूपों में पाया जा सकता है।
जब पदार्थ ठोस होता है, तो उसका अपना एक निश्चित आकार होता है।
कुछ ठोस आसानी से मोड़े या तोड़े जा सकते हैं। अन्य ठोस मोड़ने या तोड़ने में कठिन होते हैं।
एक कांच का कप ठोस होता है। एक मोज़ा भी ठोस होता है।
जब पदार्थ द्रव होता है, तो वह अपने पात्र के आकार को धारण कर लेता है।
किसी द्रव को कप से बोतल में डालने के बारे में सोचें। कप में द्रव का आकार बोतल में उसके आकार से अलग होता है। लेकिन द्रव अभी भी उतना ही स्थान घेरता है।
जूस एक द्रव है। शहद भी एक द्रव है।
जब पदार्थ गैस होता है, तो वह फैलकर किसी स्थान को भर देता है।
कई गैसें अदृश्य होती हैं। इसलिए आप उन्हें नहीं देख सकते। हवा एक गैस है।",,,,
pair_035,q_train_sqa_720,grade6,Compare the average kinetic energies of the particles in each sample. Which sample has the higher temperature?,"किसी पदार्थ का तापमान उसमें उपस्थित कणों की औसत गतिज ऊर्जा पर निर्भर करता है। कणों की औसत गतिज ऊर्जा जितनी अधिक होगी, पदार्थ का तापमान उतना ही अधिक होगा। किसी कण की गतिज ऊर्जा उसके द्रव्यमान और चाल द्वारा निर्धारित होती है। एक शुद्ध पदार्थ के लिए, यदि पदार्थ में प्रत्येक कण का द्रव्यमान अधिक हो और कणों की औसत चाल अधिक हो, तो उनकी औसत गतिज ऊर्जा भी अधिक होगी।",...,,,,
pair_036,q_train_sqa_327,grade2,Select the mixture.,"शुद्ध पदार्थ केवल एक ही प्रकार के पदार्थ से बना होता है।
मिश्रण दो या अधिक प्रकार के पदार्थों को आपस में मिलाकर बना होता है।",...,,,,
pair_037,q_train_sqa_990,grade10,"What is the source of the allusion in the sentence below?
Jaylen spoke at the city council meeting, claiming the new recycling regulations were draconian.",...,"अलंकार वे शब्द या वाक्यांश हैं जो भाषा का प्रयोग गैर-शाब्दिक या असामान्य तरीके से करते हैं। वे लेखन को अधिक अभिव्यक्तिपूर्ण बना सकते हैं。

परोक्ष संदर्भ किसी प्रसिद्ध विषय या व्यक्ति का एक संक्षिप्त उल्लेख होता है, जो अक्सर इतिहास या साहित्य से लिया जाता है。

“मुझे जल्दी घर जाना चाहिए, इससे पहले कि मैं कद्दू बन जाऊं!” लीला ने टिप्पणी की।",,,,
pair_038,q_train_sqa_1066,grade3,"What do these two changes have in common?
baking an apple pie
water evaporating from a puddle",...,"रासायनिक परिवर्तन और भौतिक परिवर्तन पदार्थ बदलने के दो तरीके हैं।
रासायनिक परिवर्तन में, पदार्थ का प्रकार बदल जाता है।
कागज के एक टुकड़े को जलाना एक रासायनिक परिवर्तन है। कागज राख और धुएं में बदल जाता है।
भौतिक परिवर्तन में, पदार्थ का प्रकार वही रहता है।
कागज के एक टुकड़े को काटना एक भौतिक परिवर्तन है। कटे हुए टुकड़े अभी भी कागज से बने होते हैं।
बर्फ का पिघलना भी एक भौतिक परिवर्तन है। जब बर्फ पिघलती है, तो यह ठोस से द्रव में बदल जाती है। लेकिन बर्फ और तरल पानी दोनों ही समान प्रकार के पदार्थ से बने होते हैं: पानी! इस प्रकार के परिवर्तन को अवस्था परिवर्तन कहा जाता है।",,,,
pair_039,q_train_sqa_7,grade8,What is the probability that a goat produced by this cross will be homozygous dominant for the myotonia congenita gene?,...,"संतान के जीनोटाइप: समयुग्मजी या विषमयुग्मजी?
किसी जीव में कोई जीन समयुग्मजी है या विषमयुग्मजी, यह कैसे निर्धारित करें? उस जीन के लिए जीव के जीनोटाइप में मौजूद एलील को देखें।
किसी जीन के लिए दो समान एलील वाले जीव उस जीन के लिए समयुग्मजी होता है।
यदि दोनों एलील प्रभावी हैं, तो जीव उस जीन के लिए समयुग्मजी प्रभावी होता है।
यदि दोनों एलील अप्रभावी हैं, तो जीव उस जीन के लिए समयुग्मजी अप्रभावी होता है।
किसी जीन के लिए दो भिन्न एलील वाले जीव उस जीन के लिए विषमयुग्मजी होता है।
पनेट वर्ग में, प्रत्येक बॉक्स एक अलग परिणाम या फल को दर्शाता है। चारों परिणामों के होने की संभावना समान होती है। प्रत्येक बॉक्स यह दर्शाता है कि माता-पिता के एलील संतान के जीनोटाइप बनाने के लिए किस एक तरीके से मिल सकते हैं। 
चूंकि पनेट वर्ग में चार बॉक्स होते हैं, इसलिए चार संभावित परिणाम होते हैं।
एक घटना एक या अधिक परिणामों का समूह होती है। किसी घटना की प्रायिकता यह मापती है कि उस घटना के होने की कितनी संभावना है। यह प्रायिकता 0 और 1 के बीच की एक संख्या होती है, और इसे भिन्न के रूप में लिखा जा सकता है:
किसी घटना की प्रा",,,,
pair_040,q_train_sqa_930,grade8,Identify the question that Erin's experiment can best answer.,"प्रयोगों में चर (variables) होते हैं, अर्थात ऐसे भाग जो परिवर्तनशील होते हैं। आप किसी एक चर का दूसरे चर पर क्या प्रभाव पड़ता है, यह जानने के लिए एक प्रयोग की रचना कर सकते हैं। उदाहरण के लिए, मान लीजिए कि आप यह जानना चाहते हैं कि उर्वरक (fertilizer) टमाटर के पौधे पर लगने वाले टमाटरों की संख्या को प्रभावित करता है या नहीं। इस प्रश्न का उत्तर देने के लिए, आप टमाटर के पौधों के दो समान समूह बनाते हैं। इसके बाद, आप एक समूह के पौधों की मिट्टी में उर्वरक डालते हैं, जबकि दूसरे समूह में नहीं डालते। कुछ समय बाद, आप प्रत्येक पौधे पर लगे टमाटरों की संख्या गिनकर उर्वरक के प्रभाव को मापते हैं。

इस प्रयोग में, मिट्टी में डाले गए उर्वरक की मात्रा और टमाटरों की संख्या—दोनों ही चर थे。

मिट्टी में डाले गए उर्वरक की मात्रा एक स्वतंत्र चर (independent variable) थी, क्योंकि यह वह चर था जिसके प्रभाव का आप अध्ययन कर रहे थे। चर का यह प्रकार 'स्वतंत्र' इसलिए कहा जाता है क्योंकि इसका मान प्रयोग शुरू होने के बाद होने वाली किसी भी घटना पर निर्भर नहीं करता। इसके विपरीत, आपने कुछ पौधों को उर्वरक देने और अन्य को न देन",...,,,,
pair_041,q_train_sqa_985,grade7,"In this experiment, which were part of an experimental group?","प्रयोगों में चर (variables) होते हैं, अर्थात ऐसे भाग जो परिवर्तित होते हैं। आप किसी प्रयोग की रचना इस उद्देश्य से कर सकते हैं कि यह पता लगाया जाए कि क्या विभिन्न समूहों के बीच किसी चर में परिवर्तन करने से कोई विशिष्ट परिणाम प्राप्त होता है।
उदाहरण के लिए, मान लीजिए कि आप यह जानना चाहते हैं कि क्या मिट्टी में उर्वरक मिलाने से मटर के पौधों की ऊँचाई पर प्रभाव पड़ता है। आप निम्नलिखित प्रयोग द्वारा इस प्रश्न की जाँच कर सकते हैं:
आप मटर के पौधों के एक समूह को उर्वरक युक्त मिट्टी में उगाते हैं और पौधों की ऊँचाई का मापन करते हैं। यह समूह यह दर्शाता है कि जब मिट्टी में उर्वरक मिलाया जाता है तो क्या होता है। चूंकि उर्वरक वह चर है जिसके प्रभाव की आप जाँच कर रहे हैं, इसलिए यह समूह एक प्रायोगिक समूह (experimental group) है।
आप मटर के पौधों के दूसरे समूह को बिना उर्वरक वाली मिट्टी में उगाते हैं और पौधों की ऊँचाई का मापन करते हैं। चूंकि यह समूह यह दर्शाता है कि जब मिट्टी में उर्वरक नहीं मिलाया जाता है तो क्या होता है, इसलिए यह एक नियंत्रण समूह (control group) है।
प्रायोगिक समूह के परिणामों की नियंत्र","प्रयोगों में चर (variables) होते हैं, अर्थात ऐसे भाग जो परिवर्तित होते हैं। आप किसी प्रयोग की रचना इस उद्देश्य से कर सकते हैं कि यह पता लगाया जाए कि क्या विभिन्न समूहों के बीच किसी चर में परिवर्तन करने से कोई विशिष्ट परिणाम प्राप्त होता है।
उदाहरण के लिए, मान लीजिए कि आप यह जानना चाहते हैं कि क्या मिट्टी में उर्वरक मिलाने से मटर के पौधों की ऊँचाई पर प्रभाव पड़ता है। आप निम्नलिखित प्रयोग द्वारा इस प्रश्न की जाँच कर सकते हैं:
आप मटर के पौधों के एक समूह को उर्वरक युक्त मिट्टी में उगाते हैं और पौधों की ऊँचाई का मापन करते हैं। यह समूह यह दर्शाता है कि जब मिट्टी में उर्वरक मिलाया जाता है तो क्या होता है। चूंकि उर्वरक वह चर है जिसके प्रभाव की आप जाँच कर रहे हैं, इसलिए यह समूह एक प्रायोगिक समूह (experimental group) है।
आप मटर के पौधों के दूसरे समूह को बिना उर्वरक वाली मिट्टी में उगाते हैं और पौधों की ऊँचाई का मापन करते हैं। चूंकि यह समूह यह दर्शाता है कि जब मिट्टी में उर्वरक नहीं मिलाया जाता है तो क्या होता है, इसलिए यह एक नियंत्रण समूह (control group) है।
प्रायोगिक समूह के परिणामों की नियंत्र",,,,
pair_042,q_train_sqa_190,grade5,"Is the following trait inherited or acquired?
Most humans can sense many different smells.","मनुष्यों सहित सभी जीवों में आनुवंशिक और अर्जित दोनों प्रकार के लक्षण होते हैं। आनुवंशिक और अर्जित लक्षण अलग-अलग तरीकों से प्राप्त किए जाते हैं。

आनुवंशिक लक्षण पीढ़ी-दर-पीढ़ी परिवारों में स्थानांतरित होते हैं। बच्चे ये लक्षण अपने माता-पिता से प्राप्त करते हैं। आनुवंशिक लक्षणों को सीखने की आवश्यकता नहीं होती。

अर्जित लक्षण किसी व्यक्ति के जीवनकाल के दौरान प्राप्त होते हैं। कुछ अर्जित लक्षण, जैसे साइकिल चलाना, सीखने द्वारा प्राप्त होते हैं। अन्य अर्जित लक्षण, जैसे निशान, पर्यावरण के कारण उत्पन्न होते हैं।","मनुष्यों सहित सभी जीवों में आनुवंशिक और अर्जित दोनों प्रकार के लक्षण होते हैं। आनुवंशिक और अर्जित लक्षण अलग-अलग तरीकों से प्राप्त किए जाते हैं。

आनुवंशिक लक्षण पीढ़ी-दर-पीढ़ी परिवारों में स्थानांतरित होते हैं। बच्चे ये लक्षण अपने माता-पिता से प्राप्त करते हैं। आनुवंशिक लक्षणों को सीखने की आवश्यकता नहीं होती。

अर्जित लक्षण किसी व्यक्ति के जीवनकाल के दौरान प्राप्त होते हैं। कुछ अर्जित लक्षण, जैसे साइकिल चलाना, सीखने द्वारा प्राप्त होते हैं। अन्य अर्जित लक्षण, जैसे निशान, पर्यावरण के कारण उत्पन्न होते हैं।",,,,
pair_043,q_train_sqa_850,grade7,Which solution has a higher concentration of blue particles?,...,"आपके चारों ओर मौजूद प्रत्येक पदार्थ परमाणुओं से बना होता है। परमाणु एक-दूसरे से जुड़कर अणु बना सकते हैं। अणु में परमाणुओं के बीच के जुड़ाव को रासायनिक बंध कहते हैं। विभिन्न अणु विभिन्न रासायनिक तत्वों या परमाणुओं के प्रकारों के जुड़े होने से बने होते हैं।

वैज्ञानिक अणुओं का प्रतिनिधित्व करने के लिए गेंद-और-छड़ी मॉडल और रासायनिक सूत्र दोनों का उपयोग करते हैं।

नीचे एक अणु का गेंद-और-छड़ी मॉडल दिखाया गया है।

गेंदे परमाणुओं का प्रतिनिधित्व करती हैं। छड़ियाँ परमाणुओं के बीच के रासायनिक बंधों का प्रतिनिधित्व करती हैं। विभिन्न रंगों की गेंदे विभिन्न तत्वों के परमाणुओं का प्रतिनिधित्व करती हैं। प्रत्येक रंग द्वारा दर्शाए गए तत्व को लीजेंड में दिखाया गया है।

प्रत्येक तत्व की अपनी एक संक्षिप्त रूप होती है, जिसे उसका परमाणु चिह्न कहा जाता है। प्रत्येक रासायनिक तत्व को उसके अपने चिह्न द्वारा दर्शाया जाता है। कुछ तत्वों के लिए, वह चिह्न एक बड़ा अक्षर होता है। अन्य तत्वों के लिए, यह एक बड़े अक्षर के बाद एक छोटे अक्षर से बना होता है। उदाहरण के लिए, बोरॉन तत्व का चिह्न B है और क्लोरीन तत्व का चिह्",,,,
pair_044,q_train_sqa_1182,grade3,Which of these states is farthest west?,...,...,,,,
pair_045,q_train_sqa_398,grade7,Which of the following could Ken's test show?,...,...,,,,
pair_046,q_train_sqa_1160,grade7,Select the organism in the same genus as the axolotl.,"वैज्ञानिक जीवों की पहचान करने के लिए वैज्ञानिक नामों का उपयोग करते हैं। वैज्ञानिक नाम दो शब्दों से बने होते हैं। किसी जीव के वैज्ञानिक नाम में पहला शब्द उस जीव के वंश को दर्शाता है। वंश उन जीवों का समूह होता है जो कई लक्षण साझा करते हैं। एक वंश एक या अधिक प्रजातियों से बना होता है। प्रजाति अत्यंत समान जीवों का समूह होती है। किसी जीव के वैज्ञानिक नाम में दूसरा शब्द उसके वंश के भीतर उसकी प्रजाति को बताता है। मिलकर, किसी जीव के वैज्ञानिक नाम के दोनों भाग उसकी प्रजाति की पहचान करते हैं। उदाहरण के लिए, Ursus maritimus और Ursus americanus भालुओं की दो प्रजातियाँ हैं। ये दोनों समान वंश, Ursus, का हिस्सा हैं। लेकिन वे उसी वंश के भीतर अलग-अलग प्रजातियाँ हैं। Ursus maritimus का प्रजाति नाम maritimus है। Ursus americanus का प्रजाति नाम americanus है। दोनों भालुओं में छोटे गोल कान और तेज पंजे होते हैं। लेकिन Ursus maritimus में सफेद फर होता है और Ursus americanus में काला फर होता है।",...,,,,
pair_047,q_train_sqa_185,grade2,Which property do these two objects have in common?,"प्रत्येक वस्तु एक या अधिक सामग्रियों से बनी होती है। सामग्री पदार्थ का एक प्रकार है। लकड़ी, कांच, धातु और प्लास्टिक सामान्य सामग्रियाँ हैं। किसी सामग्री की विभिन्न विशेषताएँ होती हैं। ये विशेषताएँ यह बताती हैं कि वह सामग्री कैसी दिखती है, छूने में कैसी लगती है, उसका स्वाद कैसा होता है या उसकी गंध कैसी होती है।",...,,,,
pair_048,q_train_sqa_256,grade9,"What is the source of the allusion in the sentence below?
Bobby spoke at the city council meeting, claiming the new recycling regulations were draconian.","अलंकार वे शब्द या वाक्यांश हैं जो भाषा का प्रयोग गैर-शाब्दिक या असामान्य तरीके से करते हैं। वे लेखन को अधिक अभिव्यक्तिपूर्ण बना सकते हैं。

परोक्ष संदर्भ किसी प्रसिद्ध विषय या व्यक्ति का एक संक्षिप्त उल्लेख होता है, जो अक्सर इतिहास या साहित्य से लिया जाता है。

“मुझे जल्दी घर जाना चाहिए, इससे पहले कि मैं कद्दू बन जाऊं!” लीला ने टिप्पणी की।",...,,,,
pair_049,q_train_sqa_935,grade7,Compare the average kinetic energies of the particles in each sample. Which sample has the higher temperature?,...,"किसी पदार्थ का तापमान उसमें उपस्थित कणों की औसत गतिज ऊर्जा पर निर्भर करता है। कणों की औसत गतिज ऊर्जा जितनी अधिक होगी, पदार्थ का तापमान उतना ही अधिक होगा। किसी कण की गतिज ऊर्जा उसके द्रव्यमान और चाल द्वारा निर्धारित होती है। एक शुद्ध पदार्थ के लिए, यदि पदार्थ में प्रत्येक कण का द्रव्यमान अधिक हो और कणों की औसत चाल अधिक हो, तो उनकी औसत गतिज ऊर्जा भी अधिक होगी।",,,,
pair_050,q_train_sqa_394,grade4,Which correctly shows the title of a poem?,"किसी पुस्तक, फिल्म, नाटक, टेलीविजन शो, पत्रिका या समाचार पत्र का शीर्षक इटैलिक (तिरछा) में होना चाहिए। यदि आप इसे हाथ से लिखते हैं, तो इसके बजाय उसमें रेखांकन (अंडरलाइन) किया जा सकता है।
A Midsummer Night's Dream
किसी कविता, गीत, लेख या लघु कहानी का शीर्षक उद्धरण चिह्नों ("" "") में होना चाहिए।
""You Are My Sunshine""","किसी पुस्तक, फिल्म, नाटक, टेलीविजन शो, पत्रिका या समाचार पत्र का शीर्षक इटैलिक (तिरछा) में होना चाहिए। यदि आप इसे हाथ से लिखते हैं, तो इसके बजाय उसमें रेखांकन (अंडरलाइन) किया जा सकता है।
A Midsummer Night's Dream
किसी कविता, गीत, लेख या लघु कहानी का शीर्षक उद्धरण चिह्नों ("" "") में होना चाहिए।
""You Are My Sunshine""",,,,
pair_051,q_train_sqa_1190,grade7,Think about the magnetic force between the magnets in each pair. Which of the following statements is true?,"चुंबक बिना छुए अन्य चुंबकों को खींच या धकेल सकते हैं। जब चुंबक आपस में आकर्षित होते हैं, तो वे एक-दूसरे की ओर खिंचते हैं। जब चुंबक आपस में प्रतिकर्षित होते हैं, तो वे एक-दूसरे से दूर धकेले जाते हैं। इन खिंचाव और धक्कों को चुंबकीय बल कहा जाता है।
चुंबकीय बल चुंबकों के ध्रुवों, अर्थात सिरों पर सबसे अधिक प्रबल होते हैं। प्रत्येक चुंबक के दो ध्रुव होते हैं: उत्तर ध्रुव (N) और दक्षिण ध्रुव (S)।
यहाँ कुछ चुंबकों के उदाहरण दिए गए हैं। इनके ध्रुव विभिन्न रंगों में दर्शाए गए हैं और उनका लेबल लगाया गया है।
किसी चुंबक द्वारा अन्य चुंबकों को आकर्षित करने या प्रतिकर्षित करने की क्षमता उसके ध्रुवों की स्थिति पर निर्भर करती है।
यदि विपरीत ध्रुव एक-दूसरे के सबसे निकट हों, तो चुंबक आपस में आकर्षित होते हैं। नीचे दिए गए युग्म के चुंबक आकर्षित हो रहे हैं।
यदि समान (या जैसे) ध्रुव एक-दूसरे के सबसे निकट हों, तो चुंबक आपस में प्रतिकर्षित होते हैं। नीचे दिए गए दोनों युग्मों के चुंबक प्रतिकर्षित हो रहे हैं।",...,,,,
pair_052,q_train_sqa_107,grade5,Which property do these four objects have in common?,"प्रत्येक वस्तु एक या अधिक सामग्रियों से बनी होती है। सामग्री पदार्थ का एक प्रकार है। लकड़ी, कांच, धातु और प्लास्टिक सामान्य सामग्रियाँ हैं। किसी सामग्री की विभिन्न विशेषताएँ होती हैं। ये विशेषताएँ यह बताती हैं कि वह सामग्री कैसी दिखती है, छूने में कैसी लगती है, उसका स्वाद कैसा होता है या उसकी गंध कैसी होती है।",...,,,,
pair_053,q_train_sqa_448,grade3,Which is harder?,...,...,,,,
pair_054,q_train_sqa_112,grade2,Is a travel bag a good or a service?,"आप जो कुछ भी खरीद सकते हैं, वह या तो एक वस्तु होती है या सेवा।
वस्तु वह चीज़ है जिसे आप छू सकते हैं या अपने हाथों में पकड़ सकते हैं। उदाहरण के लिए, हथौड़ा एक वस्तु है।
सेवा वह काम है जिसके लिए आप किसी और को भुगतान करते हैं। उदाहरण के लिए, रेस्तरां में खाना बनाना एक सेवा है।",...,,,,
pair_055,q_train_sqa_420,grade5,"Is the following trait inherited or acquired?
Porter has a scar on his left ankle.",...,"मनुष्यों सहित सभी जीवों में आनुवंशिक और अर्जित दोनों प्रकार के लक्षण होते हैं। आनुवंशिक और अर्जित लक्षण अलग-अलग तरीकों से प्राप्त किए जाते हैं。

आनुवंशिक लक्षण पीढ़ी-दर-पीढ़ी परिवारों में स्थानांतरित होते हैं। बच्चे ये लक्षण अपने माता-पिता से प्राप्त करते हैं। आनुवंशिक लक्षणों को सीखने की आवश्यकता नहीं होती。

अर्जित लक्षण किसी व्यक्ति के जीवनकाल के दौरान प्राप्त होते हैं। कुछ अर्जित लक्षण, जैसे साइकिल चलाना, सीखने द्वारा प्राप्त होते हैं। अन्य अर्जित लक्षण, जैसे निशान, पर्यावरण के कारण उत्पन्न होते हैं।",,,,
pair_056,q_train_sqa_1039,grade7,"Using only these supplies, which question can Madelyn investigate with an experiment?",...,"प्रयोगों को विशिष्ट प्रश्नों के उत्तर देने के लिए डिज़ाइन किया जा सकता है। आप किसी विशेष प्रयोग द्वारा किन प्रश्नों के उत्तर दिए जा सकते हैं, यह कैसे पहचानें? ऐसा करने के लिए, आपको यह समझना होगा कि प्रयोग के दौरान क्या परीक्षण किया गया और क्या मापा गया।

दफोडिल पौधों के दो समूहों वाले एक प्रयोग की कल्पना करें। पौधों का एक समूह बलुई मिट्टी में उगाया गया, जबकि दूसरा समूह चिकनी मिट्टी में उगाया गया। फिर, प्रत्येक पौधे की ऊँचाई मापी गई।

सबसे पहले, उस प्रयोग के भाग की पहचान करें जिसका परीक्षण किया गया था। किसी प्रयोग में जिस भाग का परीक्षण किया जाता है, आमतौर पर वह प्रायोगिक व्यवस्था के उस भाग से संबंधित होता है जो अलग या बदला हुआ होता है। उपरोक्त वर्णित प्रयोग में, पौधों के प्रत्येक समूह को अलग-अलग प्रकार की मिट्टी में उगाया गया था। इसलिए, अलग-अलग प्रकार की मिट्टियों में पौधे उगाने के प्रभाव का परीक्षण किया गया था।

फिर, उस प्रयोग के भाग की पहचान करें जिसका मापन किया गया था। जिस भाग का मापन किया जाता है, उसमें माप और गणनाएँ शामिल हो सकती हैं। उपरोक्त वर्णित प्रयोग में, प्रत्येक समूह के पौ",,,,
pair_057,q_train_sqa_403,grade5,Suppose Tommy decides to plant the gardenias. Which result would be a cost?,...,"किसी कार्य को करने से पहले, लागतों और लाभों की सूची तैयार करना अक्सर सहायक होता है।
लागतें वे वस्तुएँ या संसाधन हैं जिन्हें आप किसी कार्य को करने का निर्णय लेने पर त्याग देते हैं या व्यय करते हैं। लागतों में उन चीजों को त्यागना शामिल है, जिनकी आप इच्छा रखते हैं या जिनकी आपको आवश्यकता होती है।
लाभ वे वस्तुएँ या परिणाम हैं जिन्हें आप किसी कार्य को करने का निर्णय लेने पर प्राप्त करते हैं या बचाते हैं। लाभों में उन चीजों को प्राप्त करना शामिल है, जिनकी आप इच्छा रखते हैं या जिनकी आपको आवश्यकता होती है।",,,,
pair_058,q_train_sqa_735,grade6,"Based on this information, what is Nica's phenotype for the body hair trait?","लक्षण वह विशेषता है जो किसी जीव की दिखावट या व्यवहार को दर्शाती है।
अनुकूलन वह लक्षण है जो किसी जीव को अपने पर्यावरण में जीवित रहने में सहायता प्रदान करता है।",...,,,,
pair_059,q_train_sqa_313,grade8,Think about the magnetic force between the magnets in each pair. Which of the following statements is true?,"चुंबक एक-दूसरे को स्पर्श किए बिना भी एक-दूसरे को खींच या धकेल सकते हैं। जब चुंबक आकर्षित करते हैं, तो वे एक-दूसरे की ओर खिंचते हैं। जब चुंबक प्रतिकर्षित करते हैं, तो वे एक-दूसरे से दूर धकेले जाते हैं।

चुंबकों के बीच लगने वाले इन खिंचाव और धक्कों को चुंबकीय बल कहते हैं। दो चुंबकों के बीच चुंबकीय बल जितना अधिक प्रबल होगा, चुंबक उतनी ही अधिक शक्ति से एक-दूसरे को आकर्षित या प्रतिकर्षित करेंगे।

आप चुंबकों के बीच की दूरी बदलकर दो चुंबकों के बीच चुंबकीय बल की प्रबलता को परिवर्तित कर सकते हैं। जब चुंबक एक-दूसरे के अधिक निकट होते हैं, तो चुंबकीय बल अधिक प्रबल होता है।",...,,,,
pair_060,q_train_sqa_987,grade9,"What is the source of the allusion in the sentence below?
Fans debated whether their team would rise from the ashes.",...,"अलंकार वे शब्द या वाक्यांश हैं जो भाषा का प्रयोग गैर-शाब्दिक या असामान्य तरीके से करते हैं। वे लेखन को अधिक अभिव्यक्तिपूर्ण बना सकते हैं。

परोक्ष संदर्भ किसी प्रसिद्ध विषय या व्यक्ति का एक संक्षिप्त उल्लेख होता है, जो अक्सर इतिहास या साहित्य से लिया जाता है。

“मुझे जल्दी घर जाना चाहिए, इससे पहले कि मैं कद्दू बन जाऊं!” लीला ने टिप्पणी की।",,,,
pair_061,q_train_sqa_49,grade3,Which sentence states a fact?,"तथ्य वह है जिसे शोध या अवलोकन के माध्यम से सत्य सिद्ध किया जा सकता है।
जॉर्ज वाशिंगटन 1789 में संयुक्त राज्य अमेरिका के राष्ट्रपति बने।
यह कथन एक तथ्य है। इसकी पुष्टि इस बात के शोध द्वारा की जा सकती है कि जॉर्ज वाशिंगटन ने किस वर्ष राष्ट्रपति पद का शपथ ग्रहण किया था।
राय वह है जो कोई व्यक्ति मानता, सोचता या महसूस करता है। किसी राय को साक्ष्यों द्वारा समर्थित किया जा सकता है, लेकिन इसे सत्य सिद्ध नहीं किया जा सकता।
जॉर्ज वाशिंगटन थॉमस जेफर्सन से बेहतर राष्ट्रपति थे।
यह कथन एक राय है। लोगों के बीच यह विचार भिन्न हो सकते हैं कि किसी को ""बेहतर"" राष्ट्रपति बनाता है, इसलिए इस कथन को सिद्ध नहीं किया जा सकता।","तथ्य वह है जिसे शोध या अवलोकन के माध्यम से सत्य सिद्ध किया जा सकता है।
जॉर्ज वाशिंगटन 1789 में संयुक्त राज्य अमेरिका के राष्ट्रपति बने।
यह कथन एक तथ्य है। इसकी पुष्टि इस बात के शोध द्वारा की जा सकती है कि जॉर्ज वाशिंगटन ने किस वर्ष राष्ट्रपति पद का शपथ ग्रहण किया था।
राय वह है जो कोई व्यक्ति मानता, सोचता या महसूस करता है। किसी राय को साक्ष्यों द्वारा समर्थित किया जा सकता है, लेकिन इसे सत्य सिद्ध नहीं किया जा सकता।
जॉर्ज वाशिंगटन थॉमस जेफर्सन से बेहतर राष्ट्रपति थे।
यह कथन एक राय है। लोगों के बीच यह विचार भिन्न हो सकते हैं कि किसी को ""बेहतर"" राष्ट्रपति बनाता है, इसलिए इस कथन को सिद्ध नहीं किया जा सकता।",,,,
pair_062,q_train_sqa_893,grade4,"Is the following trait inherited or acquired?
Ruben has a scar on his left elbow.",...,"जीव, जिनमें मनुष्य भी शामिल हैं, में वंशानुगत और अर्जित दोनों प्रकार के लक्षण पाए जाते हैं। वंशानुगत और अर्जित लक्षण अलग-अलग तरीकों से प्राप्त किए जाते हैं।
वंशानुगत लक्षण परिवारों से पीढ़ी-दर-पीढ़ी स्थानांतरित होते हैं। बच्चे इन लक्षणों को अपने माता-पिता से प्राप्त करते हैं। वंशानुगत लक्षणों को सीखने की आवश्यकता नहीं होती है।
अर्जित लक्षण व्यक्ति के जीवनकाल के दौरान प्राप्त किए जाते हैं। कुछ अर्जित लक्षण, जैसे कि साइकिल चलाना, सीखने द्वारा प्राप्त किए जाते हैं। अन्य अर्जित लक्षण, जैसे कि घाव के निशान, पर्यावरण के कारण होते हैं। बच्चे अपने माता-पिता के अर्जित लक्षणों को विरासत में नहीं पाते।",,,,
pair_063,q_train_sqa_547,grade7,Identify the question that Neil's experiment can best answer.,"प्रयोगों में चर (variables) होते हैं, अर्थात ऐसे भाग जो परिवर्तनशील होते हैं। आप किसी एक चर का दूसरे चर पर क्या प्रभाव पड़ता है, यह जानने के लिए एक प्रयोग की रचना कर सकते हैं। उदाहरण के लिए, मान लीजिए कि आप यह जानना चाहते हैं कि उर्वरक (fertilizer) टमाटर के पौधे पर लगने वाले टमाटरों की संख्या को प्रभावित करता है या नहीं। इस प्रश्न का उत्तर देने के लिए, आप टमाटर के पौधों के दो समान समूह बनाते हैं। इसके बाद, आप एक समूह के पौधों की मिट्टी में उर्वरक डालते हैं, जबकि दूसरे समूह में नहीं डालते। कुछ समय बाद, आप प्रत्येक पौधे पर लगे टमाटरों की संख्या गिनकर उर्वरक के प्रभाव को मापते हैं。

इस प्रयोग में, मिट्टी में डाले गए उर्वरक की मात्रा और टमाटरों की संख्या—दोनों ही चर थे。

मिट्टी में डाले गए उर्वरक की मात्रा एक स्वतंत्र चर (independent variable) थी, क्योंकि यह वह चर था जिसके प्रभाव का आप अध्ययन कर रहे थे। चर का यह प्रकार 'स्वतंत्र' इसलिए कहा जाता है क्योंकि इसका मान प्रयोग शुरू होने के बाद होने वाली किसी भी घटना पर निर्भर नहीं करता। इसके विपरीत, आपने कुछ पौधों को उर्वरक देने और अन्य को न देन",...,,,,
pair_064,q_train_sqa_649,grade6,"Based on this information, what is this plant's phenotype for the pod color trait?","सभी जीवों में वंशागत सामग्री के खंड होते हैं जिन्हें जीन कहा जाता है, जो माता-पिता से संतानों में स्थानांतरित होते हैं। जीनों में किसी जीव के भागों को बनाने के लिए निर्देश निहित होते हैं। किसी जीव के जीन उसके दृश्यमान लक्षणों को प्रभावित करते हैं, जिनमें उसका स्वरूप, व्यवहार और संभावित रोग शामिल हैं। जीनों में विभिन्न एलील (रूप) हो सकते हैं, जो लक्षण के विभिन्न संस्करण उत्पन्न कर सकते हैं।

उदाहरण के लिए, मटर के पौधों में फूलों का रंग एक लक्षण है। इस लक्षण के लिए जीन में दो संभावित एलील होते हैं। प्रत्येक एलील को एक बड़े या छोटे अक्षर द्वारा दर्शाया जाता है। एलील F बैंगनी फूलों के लिए होता है, जबकि एलील f सफेद फूलों के लिए होता है। प्रत्येक मटर के पौधे में फूलों के रंग के जीन के लिए दो एलील होते हैं—एक एलील प्रत्येक माता-पिता से विरासत में मिलता है।

किसी जीव का किसी जीन के लिए जीनोटाइप उस विशिष्ट जीन के लिए इसके एलीलों का संयोजन होता है। अतः, मटर के पौधे में फूलों के रंग के जीन के लिए FF, Ff, या ff जीनोटाइप हो सकता है।

किसी जीव का किसी लक्षण के लिए फेनोटाइप उस लक्षण का उसका दृश्यमान ",...,,,,
pair_065,q_train_sqa_145,grade7,Which of the following could Emilia's test show?,...,...,,,,
pair_066,q_train_sqa_444,grade3,"Which tense does the sentence use?
The cook will freeze the meat for another time.","एक वाक्य शब्दों का वह समूह है जो एक पूर्ण विचार व्यक्त करता है। इसमें कर्ता और क्रिया दोनों होते हैं।
मेरे दोस्त रास्ते पर चलते हैं।
वाक्य खंड (Sentence Fragment) शब्दों का वह समूह है जो एक पूर्ण विचार नहीं व्यक्त करता। इसमें आमतौर पर कर्ता या क्रिया अनुपस्थित होती है।
उत्तर जानता है।
यह एक वाक्य खंड है। इसमें कर्ता की कमी है।
कौन उत्तर जानता है? वह उत्तर जानती है।
चमकीली लाल कार।
यह एक वाक्य खंड है। इसमें क्रिया की कमी है।
चमकीली लाल कार ने क्या किया? चमकीली लाल कार रुक गई।
रन-ऑन सेंटेन्स (Run-on Sentence) दो वाक्यों से बना होता है जो बिना अंत विराम चिह्न के या केवल एक अल्पविराम (comma) लगाकर जोड़े गए हों।
मैंने दरवाजे पर दस्तक दी वह खुल गया।
बारिश शुरू हुई, हम अंदर भाग गए।
रन-ऑन सेंटेन्स को ठीक करने के लिए, उसे दो वाक्यों में बाँट दें। पहले वाक्य के बाद अंत विराम चिह्न लगाएँ, और दूसरे वाक्य के पहले अक्षर को बड़े अक्षर (Capital) में लिखें।
मैंने दरवाजे पर दस्तक दी। वह खुल गया।
बारिश शुरू हुई। हम अंदर भाग गए।
आप रन-ऑन सेंटेन्स को कॉम्पाउंड सेंटेन्स (Compound Sentence) के रूप में पुनः ल",...,,,,
pair_067,q_train_sqa_91,grade6,"What does the verbal irony in this text suggest?
""This is the best day of my life,"" Mr. Hogan mumbled after his car broke down on the way to an important job interview.","भाषा के ऐसे प्रयोग (फिगर्स ऑफ स्पीच) वे शब्द या वाक्यांश होते हैं जो भाषा का उपयोग शाब्दिक अर्थ से हटकर या किसी असामान्य तरीके से करते हैं। ये लेखन को अधिक अभिव्यक्तिपूर्ण बना सकते हैं。
मौखिक विरोधाभास (Verbal irony) में एक बात कहना लेकिन कुछ बिल्कुल अलग इशारा करना शामिल है। लोग अक्सर तब मौखिक विरोधाभास का प्रयोग करते हैं जब वे व्यंग्यात्मक हो रहे होते हैं。
ओलिविया ऐसी लग रही है मानो उसकी कार बार-बार खराब होने पर वह बेहद उत्साहित हो रही है。
हर बार कार खराब होने का अनुभव चेहरे पर मुक्का मारने जितना ही आनंददायक लगता है।",...,,,,
pair_068,q_train_sqa_672,grade8,"Which word would you find on a dictionary page with the following guide words?
thin - trouble",...,"शब्दकोश के प्रत्येक पृष्ठ पर मार्गदर्शक शब्द दिखाई देते हैं। ये शब्द आपको उस पृष्ठ पर छपे पहले और अंतिम शब्द बताते हैं। पृष्ठ पर स्थित अन्य सभी शब्द वर्णानुक्रम में इन मार्गदर्शक शब्दों के मध्य आते हैं। शब्दों को वर्णानुक्रम में व्यवस्थित करने के लिए, उन्हें उनके पहले अक्षर के अनुसार क्रमबद्ध करें। यदि पहले अक्षर समान हों, तो दूसरे अक्षर देखें। यदि दूसरे अक्षर समान हों, तो तीसरे अक्षर देखें, और इसी प्रकार आगे बढ़ें।",,,,
pair_069,q_train_sqa_348,grade4,Which correctly shows the title of a short story?,"किसी पुस्तक, फिल्म, नाटक, टेलीविजन शो, पत्रिका या समाचार पत्र का शीर्षक इटैलिक (तिरछा) में होना चाहिए। यदि आप इसे हाथ से लिखते हैं, तो इसके बजाय उसमें रेखांकन (अंडरलाइन) किया जा सकता है।
A Midsummer Night's Dream
किसी कविता, गीत, लेख या लघु कहानी का शीर्षक उद्धरण चिह्नों ("" "") में होना चाहिए।
""You Are My Sunshine""","किसी पुस्तक, फिल्म, नाटक, टेलीविजन शो, पत्रिका या समाचार पत्र का शीर्षक इटैलिक (तिरछा) में होना चाहिए। यदि आप इसे हाथ से लिखते हैं, तो इसके बजाय उसमें रेखांकन (अंडरलाइन) किया जा सकता है।
A Midsummer Night's Dream
किसी कविता, गीत, लेख या लघु कहानी का शीर्षक उद्धरण चिह्नों ("" "") में होना चाहिए।
""You Are My Sunshine""",,,,
pair_070,q_train_sqa_1015,grade3,Select the bird below.,"पक्षी, स्तनधारी, मछलियाँ, सरीसृप और उभयचर जानवरों के समूह हैं। प्रत्येक समूह के जानवरों में कुछ सामान्य लक्षण होते हैं। वैज्ञानिक उनके साझा लक्षणों के आधार पर जानवरों को अलग-अलग समूहों में व्यवस्थित करते हैं। इस प्रक्रिया को वर्गीकरण कहा जाता है।",...,,,,
pair_071,q_train_sqa_763,grade8,"Based on this information, what is this cucumber plant's phenotype for the fruit texture trait?","सभी जीवों में वंशागत सामग्री के खंड होते हैं जिन्हें जीन कहा जाता है, जो माता-पिता से संतानों में स्थानांतरित होते हैं। जीनों में किसी जीव के भागों को बनाने के लिए निर्देश निहित होते हैं। किसी जीव के जीन उसके दृश्यमान लक्षणों को प्रभावित करते हैं, जिनमें उसका स्वरूप, व्यवहार और संभावित रोग शामिल हैं। जीनों में विभिन्न एलील (रूप) हो सकते हैं, जो लक्षण के विभिन्न संस्करण उत्पन्न कर सकते हैं।

उदाहरण के लिए, मटर के पौधों में फूलों का रंग एक लक्षण है। इस लक्षण के लिए जीन में दो संभावित एलील होते हैं। प्रत्येक एलील को एक बड़े या छोटे अक्षर द्वारा दर्शाया जाता है। एलील F बैंगनी फूलों के लिए होता है, जबकि एलील f सफेद फूलों के लिए होता है। प्रत्येक मटर के पौधे में फूलों के रंग के जीन के लिए दो एलील होते हैं—एक एलील प्रत्येक माता-पिता से विरासत में मिलता है।

किसी जीव का किसी जीन के लिए जीनोटाइप उस विशिष्ट जीन के लिए इसके एलीलों का संयोजन होता है। अतः, मटर के पौधे में फूलों के रंग के जीन के लिए FF, Ff, या ff जीनोटाइप हो सकता है।

किसी जीव का किसी लक्षण के लिए फेनोटाइप उस लक्षण का उसका दृश्यमान ",...,,,,
pair_072,q_train_sqa_753,grade8,"According to Newton's third law, what other force must be happening?","न्यूटन के तीसरे नियम के अनुसार, प्रत्येक बल के लिए परिमाण में समान और दिशा में विपरीत एक बल होता है। इसका अर्थ है कि यदि कोई वस्तु दूसरी वस्तु पर बल लगा रही है, तो दूसरी वस्तु भी पहली वस्तु पर बल लगा रही होगी, लेकिन विपरीत दिशा में। उदाहरण के लिए, यदि आपका हाथ मेज पर नीचे की ओर बल लगा रहा है, तो मेज भी आपके हाथ पर ऊपर की ओर बल लगा रही होती है। या फिर, यदि आप रस्सी को आगे की ओर खींच रहे हैं, तो रस्सी भी आपको पीछे की ओर खींच रही होती है।","न्यूटन के तीसरे नियम के अनुसार, प्रत्येक बल के लिए परिमाण में समान और दिशा में विपरीत एक बल होता है। इसका अर्थ है कि यदि कोई वस्तु दूसरी वस्तु पर बल लगा रही है, तो दूसरी वस्तु भी पहली वस्तु पर बल लगा रही होगी, लेकिन विपरीत दिशा में। उदाहरण के लिए, यदि आपका हाथ मेज पर नीचे की ओर बल लगा रहा है, तो मेज भी आपके हाथ पर ऊपर की ओर बल लगा रही होती है। या फिर, यदि आप रस्सी को आगे की ओर खींच रहे हैं, तो रस्सी भी आपको पीछे की ओर खींच रही होती है।",,,,
pair_073,q_train_sqa_1090,grade6,Which of the following could Mona and Bridget's test show?,...,...,,,,
pair_074,q_train_sqa_1056,grade3,"Would you find the word engine on a dictionary page with the following guide words?
eighty - expert",...,"मार्गदर्शक शब्द शब्दकोश के प्रत्येक पृष्ठ पर दिखाई देते हैं। वे आपको उस पृष्ठ पर पहले और आखिरी शब्द बताते हैं। पृष्ठ के अन्य शब्द वर्णानुक्रम में मार्गदर्शक शब्दों के बीच आते हैं。

शब्दों को वर्णानुक्रम में व्यवस्थित करने के लिए, उन्हें उनके पहले अक्षर के आधार पर क्रमबद्ध करें। यदि पहले अक्षर समान हों, तो दूसरे अक्षर देखें। यदि दूसरे अक्षर भी समान हों, तो तीसरे अक्षर देखें, और इसी तरह आगे बढ़ें。

यदि एक शब्द छोटा हो और तुलना के लिए कोई और अक्षर न बचा हो, तो वर्णानुक्रम में छोटा शब्द पहले आएगा। उदाहरण के लिए, 'be' शब्द 'bed' से पहले आएगा।",,,,
pair_075,q_train_sqa_424,grade6,What information supports the conclusion that Elizabeth acquired this trait?,...,"मनुष्यों सहित सभी जीवों में आनुवंशिक और अर्जित दोनों प्रकार के लक्षण होते हैं। आनुवंशिक और अर्जित लक्षण अलग-अलग तरीकों से प्राप्त किए जाते हैं。

आनुवंशिक लक्षण पीढ़ी-दर-पीढ़ी परिवारों में स्थानांतरित होते हैं। बच्चे ये लक्षण अपने माता-पिता से प्राप्त करते हैं। आनुवंशिक लक्षणों को सीखने की आवश्यकता नहीं होती。

अर्जित लक्षण किसी व्यक्ति के जीवनकाल के दौरान प्राप्त होते हैं। कुछ अर्जित लक्षण, जैसे साइकिल चलाना, सीखने द्वारा प्राप्त होते हैं। अन्य अर्जित लक्षण, जैसे निशान, पर्यावरण के कारण उत्पन्न होते हैं।",,,,
pair_076,q_train_sqa_705,grade4,"Would you find the word animal on a dictionary page with the following guide words?
alas - armistice","शब्दकोश के प्रत्येक पृष्ठ पर मार्गदर्शक शब्द दिखाई देते हैं। ये शब्द आपको उस पृष्ठ पर छपे पहले और अंतिम शब्द बताते हैं। पृष्ठ पर स्थित अन्य सभी शब्द वर्णानुक्रम में इन मार्गदर्शक शब्दों के मध्य आते हैं। शब्दों को वर्णानुक्रम में व्यवस्थित करने के लिए, उन्हें उनके पहले अक्षर के अनुसार क्रमबद्ध करें। यदि पहले अक्षर समान हों, तो दूसरे अक्षर देखें। यदि दूसरे अक्षर समान हों, तो तीसरे अक्षर देखें, और इसी प्रकार आगे बढ़ें।",...,,,,
pair_077,q_train_sqa_227,grade6,Which is a simple sentence?,"एक वाक्य शब्दों का वह समूह है जो एक पूर्ण विचार व्यक्त करता है। इसमें कर्ता और क्रिया दोनों होते हैं।
मेरे दोस्त रास्ते पर चलते हैं।
वाक्य खंड (Sentence Fragment) शब्दों का वह समूह है जो एक पूर्ण विचार नहीं व्यक्त करता। इसमें आमतौर पर कर्ता या क्रिया अनुपस्थित होती है।
उत्तर जानता है।
यह एक वाक्य खंड है। इसमें कर्ता की कमी है।
कौन उत्तर जानता है? वह उत्तर जानती है।
चमकीली लाल कार।
यह एक वाक्य खंड है। इसमें क्रिया की कमी है।
चमकीली लाल कार ने क्या किया? चमकीली लाल कार रुक गई।
रन-ऑन सेंटेन्स (Run-on Sentence) दो वाक्यों से बना होता है जो बिना अंत विराम चिह्न के या केवल एक अल्पविराम (comma) लगाकर जोड़े गए हों।
मैंने दरवाजे पर दस्तक दी वह खुल गया।
बारिश शुरू हुई, हम अंदर भाग गए।
रन-ऑन सेंटेन्स को ठीक करने के लिए, उसे दो वाक्यों में बाँट दें। पहले वाक्य के बाद अंत विराम चिह्न लगाएँ, और दूसरे वाक्य के पहले अक्षर को बड़े अक्षर (Capital) में लिखें।
मैंने दरवाजे पर दस्तक दी। वह खुल गया।
बारिश शुरू हुई। हम अंदर भाग गए।
आप रन-ऑन सेंटेन्स को कॉम्पाउंड सेंटेन्स (Compound Sentence) के रूप में पुनः ल","एक सरल वाक्य वह वाक्य होता है जिसमें केवल एक कर्ता और विधेय होता है।
पिचर ने गेंद को प्रथम आधार पर फेंका।
एक संयुक्त वाक्य दो सरल वाक्यों का मिलकर बना होता है, जिन्हें अल्पविराम और संयोजक शब्द जैसे कि and, but, or, या so से जोड़ा जाता है।
पिचर ने गेंद फेंकी, और बैटर ने उसे मारा।
कुछ सरल वाक्यों में संयुक्त कर्ता या संयुक्त विधेय होता है, लेकिन वे संयुक्त वाक्य नहीं होते।
एन्ना और जेम्स आज रात आतिशबाजी देखेंगे।
इस सरल वाक्य में संयुक्त कर्ता है, एन्ना और जेम्स।
गायकों ने झुककर अभिवादन किया और मंच से बाहर चले गए।
इस सरल वाक्य में संयुक्त विधेय है, झुककर अभिवादन किया और मंच से बाहर चले गए।
कुछ सरल वाक्यों में परिचयात्मक वाक्यांश होते हैं, लेकिन वे संयुक्त वाक्य नहीं होते। परिचयात्मक वाक्यांश विधेय का ही हिस्सा होता है।
सर्दियों में, फार्मर बेंन अपना भारी कोट पहनते हैं।
यह एक सरल वाक्य है। इसमें एक कर्ता है, फार्मर बेंन, और एक विधेय है, सर्दियों में अपना भारी कोट पहनते हैं।",,,,
pair_078,q_train_sqa_859,grade8,Which of the following could Pablo's test show?,...,...,,,,
pair_079,q_train_sqa_80,grade2,"Which tense does the sentence use?
Mr. Norman signed his name on the letter.",...,"एक वाक्य शब्दों का वह समूह है जो एक पूर्ण विचार व्यक्त करता है। इसमें कर्ता और क्रिया दोनों होते हैं।
मेरे दोस्त रास्ते पर चल रहे हैं।
एक रन-ऑन वाक्य दो ऐसे वाक्यों से बना होता है जिन्हें बिना अंत विराम चिह्न के या केवल अल्पविराम लगाकर जोड़ा जाता है।
मैंने दरवाजे पर दस्तक दी यह खुल गई।
बारिश शुरू हो गई, हम अंदर भागे।
रन-ऑन वाक्य को ठीक करने के लिए, उसे दो अलग-अलग वाक्यों में बाँट दें। पहले वाक्य के बाद अंत विराम चिह्न लगाएं, और दूसरे वाक्य के प्रथम अक्षर को बड़ा लिखें।
मैंने दरवाजे पर दस्तक दी। यह खुल गई।
बारिश शुरू हो गई। हम अंदर भागे।
आप रन-ऑन वाक्य को संयुक्त वाक्य के रूप में पुनः लिखकर भी ठीक कर सकते हैं। संयुक्त वाक्य दो वाक्यों का मिलन होता है, जिन्हें अल्पविराम और संयोजक शब्द जैसे कि and (और), but (लेकिन), or (या), या so (इसलिए) द्वारा जोड़ा जाता है।
मैंने दरवाजे पर दस्तक दी, और यह खुल गई।
बारिश शुरू हो गई, इसलिए हम अंदर भागे।",,,,
pair_080,q_train_sqa_51,grade5,"Does this passage describe the weather or the climate?
There was rain and sleet in Sioux Falls, South Dakota, last weekend.",...,"वायुमंडल पृथ्वी को घेरने वाली हवा की परत है। मौसम और जलवायु दोनों आपको वायुमंडल के बारे में बताते हैं。

मौसम किसी विशिष्ट स्थान और समय पर वायुमंडल की स्थिति होती है। मौसम तेजी से बदल सकता है। उदाहरण के लिए, आपके घर के बाहर का तापमान दिन भर बढ़ सकता है。

जलवायु किसी विशिष्ट स्थान में मौसम की प्रवृत्ति होती है। उदाहरण के लिए, न्यू यॉर्क में गर्मियों का तापमान आमतौर पर सर्दियों के तापमान से अधिक होता है।",,,,
pair_081,q_train_sqa_805,grade8,Which ocean is highlighted?,"महासागर खारे पानी की विशाल जलराशियाँ होती हैं। पृथ्वी पर पाँच महासागर हैं। सभी महासागर आपस में जुड़े हुए हैं, जिससे एक वैश्विक महासागर बनता है।",...,,,,
pair_082,q_train_sqa_270,grade9,"Which figure of speech is used in this text?
Tara's Bistro used to be a great place to go for a delicious and carefully prepared dinner, but nobody goes there anymore: it's too crowded.","अलंकार (Figures of speech) वे शब्द या वाक्यांश हैं जो भाषा का उपयोग अशाब्दिक या अनोखे ढंग से करते हैं। ये लेखन को अधिक अभिव्यक्तिपूर्ण बना सकते हैं।

मृदुवचन (Euphemism) एक विनम्र या अप्रत्यक्ष अभिव्यक्ति है जिसका उपयोग किसी अनाकर्षक विषय को कम महत्व देने के लिए किया जाता है।

मानव संसाधन (HR) प्रमुख कभी भी लोगों को 'बर्खास्त' करने की बात नहीं करेंगे, बल्कि केवल 'छंटनी' या 'सेवा मुक्त' करने का ही उल्लेख करेंगे।

अतिशयोक्ति (Hyperbole) एक स्पष्ट अतिरंजना है जिसे शाब्दिक रूप से नहीं लिया जाना चाहिए।

इतना खाना खा लिया कि लग रहा है जैसे मैं फट जाऊंगा!

ऑक्सिमोरन (Oxymoron) दो ऐसी शब्दों का संयोजन है जो परस्पर विरोधी प्रतीत होते हैं।

कुछ समीक्षक इस पुस्तक को 'एक नया क्लासिक' कह रहे हैं।

विरोधाभास (Paradox) एक ऐसा कथन है जो पहले तो विरोधाभासी प्रतीत हो सकता है, लेकिन वास्तव में उसमें कुछ सत्य निहित हो सकता है।

हमेशा अप्रत्याशित की अपेक्षा रखें।",...,,,,
pair_083,q_train_sqa_945,grade3,"Is grape juice a solid, a liquid, or a gas?",...,"ठोस, द्रव और गैस पदार्थ की अवस्थाएँ हैं। पदार्थ वह सब कुछ है जो स्थान घेरता है। पदार्थ विभिन्न अवस्थाओं या रूपों में पाया जा सकता है।
जब पदार्थ ठोस होता है, तो इसका एक निश्चित आयतन और एक निश्चित आकार होता है। इसलिए, ठोस का अपना आकार और माप होता है।
कुछ ठोस आसानी से मोड़े, मुड़े या टूटे जा सकते हैं। कागज़ का एक टुकड़ा एक ठोस है। साथ ही, कुछ ठोस बहुत छोटे होते हैं। रेत का एक कण एक ठोस है।
जब पदार्थ द्रव होता है, तो इसका एक निश्चित आयतन होता है लेकिन कोई निश्चित आकार नहीं होता। इसलिए, द्रव का अपना माप होता है, लेकिन इसका अपना कोई आकार नहीं होता। सोचिए कि बोतल से जूस को कप में डाला जाता है। जूस अभी भी उतनी ही जगह घेरता है, लेकिन यह बोतल के आकार को धारण कर लेता है।
कुछ द्रव अन्य द्रवों की तुलना में गाढ़े होते हैं। शहद और दूध दोनों द्रव हैं। लेकिन शहद डालने में दूध डालने की तुलना में अधिक समय लगता है।
जब पदार्थ गैस होता है, तो इसका न तो कोई निश्चित आयतन होता है और न ही कोई निश्चित आकार। गैस फैलती है या बड़ी होती है, जब तक कि यह पूरी तरह से किसी स्थान को भर न दे। यदि गैस को छोटी जगह में दबाया",,,,
pair_084,q_train_sqa_344,grade5,Select the organism in the same species as the great blue heron.,...,"वैज्ञानिक जीवों की पहचान करने के लिए वैज्ञानिक नामों का उपयोग करते हैं। वैज्ञानिक नाम दो शब्दों से बने होते हैं। किसी जीव के वैज्ञानिक नाम में पहला शब्द उस जीव के वंश को दर्शाता है। वंश उन जीवों का समूह होता है जो कई लक्षण साझा करते हैं। एक वंश एक या अधिक प्रजातियों से बना होता है। प्रजाति अत्यंत समान जीवों का समूह होती है। किसी जीव के वैज्ञानिक नाम में दूसरा शब्द उसके वंश के भीतर उसकी प्रजाति को बताता है। मिलकर, किसी जीव के वैज्ञानिक नाम के दोनों भाग उसकी प्रजाति की पहचान करते हैं। उदाहरण के लिए, Ursus maritimus और Ursus americanus भालुओं की दो प्रजातियाँ हैं। ये दोनों समान वंश, Ursus, का हिस्सा हैं। लेकिन वे उसी वंश के भीतर अलग-अलग प्रजातियाँ हैं। Ursus maritimus का प्रजाति नाम maritimus है। Ursus americanus का प्रजाति नाम americanus है। दोनों भालुओं में छोटे गोल कान और तेज पंजे होते हैं। लेकिन Ursus maritimus में सफेद फर होता है और Ursus americanus में काला फर होता है।",,,,
pair_085,q_train_sqa_92,grade6,Which of the following could Cody's test show?,...,...,,,,
pair_086,q_train_sqa_1049,grade5,"What kind of sentence is this?
Mackenzie gave me flowers for no reason.","एक वाक्य शब्दों का वह समूह है जो एक पूर्ण विचार व्यक्त करता है। इसमें कर्ता और क्रिया दोनों होते हैं।
मेरे दोस्त रास्ते पर चलते हैं।
वाक्य खंड (Sentence Fragment) शब्दों का वह समूह है जो एक पूर्ण विचार नहीं व्यक्त करता। इसमें आमतौर पर कर्ता या क्रिया अनुपस्थित होती है।
उत्तर जानता है।
यह एक वाक्य खंड है। इसमें कर्ता की कमी है।
कौन उत्तर जानता है? वह उत्तर जानती है।
चमकीली लाल कार।
यह एक वाक्य खंड है। इसमें क्रिया की कमी है।
चमकीली लाल कार ने क्या किया? चमकीली लाल कार रुक गई।
रन-ऑन सेंटेन्स (Run-on Sentence) दो वाक्यों से बना होता है जो बिना अंत विराम चिह्न के या केवल एक अल्पविराम (comma) लगाकर जोड़े गए हों।
मैंने दरवाजे पर दस्तक दी वह खुल गया।
बारिश शुरू हुई, हम अंदर भाग गए।
रन-ऑन सेंटेन्स को ठीक करने के लिए, उसे दो वाक्यों में बाँट दें। पहले वाक्य के बाद अंत विराम चिह्न लगाएँ, और दूसरे वाक्य के पहले अक्षर को बड़े अक्षर (Capital) में लिखें।
मैंने दरवाजे पर दस्तक दी। वह खुल गया।
बारिश शुरू हुई। हम अंदर भाग गए।
आप रन-ऑन सेंटेन्स को कॉम्पाउंड सेंटेन्स (Compound Sentence) के रूप में पुनः ल",...,,,,
pair_087,q_train_sqa_1176,grade4,"Which word would you find on a dictionary page with the following guide words?
shatter - stagger","शब्दकोश के प्रत्येक पृष्ठ पर मार्गदर्शक शब्द दिखाई देते हैं। ये शब्द आपको उस पृष्ठ पर छपे पहले और अंतिम शब्द बताते हैं। पृष्ठ पर स्थित अन्य सभी शब्द वर्णानुक्रम में इन मार्गदर्शक शब्दों के मध्य आते हैं। शब्दों को वर्णानुक्रम में व्यवस्थित करने के लिए, उन्हें उनके पहले अक्षर के अनुसार क्रमबद्ध करें। यदि पहले अक्षर समान हों, तो दूसरे अक्षर देखें। यदि दूसरे अक्षर समान हों, तो तीसरे अक्षर देखें, और इसी प्रकार आगे बढ़ें।",...,,,,
pair_088,q_train_sqa_1062,grade5,Which continent is highlighted?,...,एक महाद्वीप पृथ्वी के प्रमुख भूखंडों में से एक है। अधिकतर लोग मानते हैं कि सात महाद्वीप हैं।,,,,
pair_089,q_train_sqa_117,grade3,"Last year, 50,000 people lived in the city of Belmont. But since then, 8,000 people have moved away. What probably happened to the overall supply of houses for sale in Belmont?",...,...,,,,
pair_090,q_train_sqa_1140,grade8,Select the organism in the same genus as the Victoria crowned pigeon.,"वैज्ञानिक जीवों की पहचान करने के लिए वैज्ञानिक नामों का उपयोग करते हैं। वैज्ञानिक नाम दो शब्दों से बने होते हैं। किसी जीव के वैज्ञानिक नाम में पहला शब्द उस जीव के वंश को दर्शाता है। वंश उन जीवों का समूह होता है जो कई लक्षण साझा करते हैं। एक वंश एक या अधिक प्रजातियों से बना होता है। प्रजाति अत्यंत समान जीवों का समूह होती है। किसी जीव के वैज्ञानिक नाम में दूसरा शब्द उसके वंश के भीतर उसकी प्रजाति को बताता है। मिलकर, किसी जीव के वैज्ञानिक नाम के दोनों भाग उसकी प्रजाति की पहचान करते हैं। उदाहरण के लिए, Ursus maritimus और Ursus americanus भालुओं की दो प्रजातियाँ हैं। ये दोनों समान वंश, Ursus, का हिस्सा हैं। लेकिन वे उसी वंश के भीतर अलग-अलग प्रजातियाँ हैं। Ursus maritimus का प्रजाति नाम maritimus है। Ursus americanus का प्रजाति नाम americanus है। दोनों भालुओं में छोटे गोल कान और तेज पंजे होते हैं। लेकिन Ursus maritimus में सफेद फर होता है और Ursus americanus में काला फर होता है।",...,,,,
pair_091,q_train_sqa_1148,grade6,What information supports the conclusion that Latrell acquired this trait?,...,"मानव सहित सभी जीवों में वंशानुगत और अर्जित दोनों प्रकार के लक्षण पाए जाते हैं। वंशानुगत और अर्जित लक्षण अलग-अलग तरीकों से प्राप्त होते हैं।

वंशानुगत लक्षण जैविक माता-पिता से उनके जीनों के माध्यम से उनकी संतति को प्राप्त होते हैं। जीन आनुवंशिक पदार्थ के ऐसे खंड होते हैं जो वंशानुगत लक्षणों को प्रभावित करने वाले निर्देशों को धारण करते हैं। संतति अपने जीन प्राप्त करती है, और इसलिए अपने वंशानुगत लक्षण भी अपने जैविक माता-पिता से ही प्राप्त करती है। वंशानुगत लक्षणों को सीखने की आवश्यकता नहीं होती।

अर्जित लक्षण किसी व्यक्ति के जीवनकाल के दौरान प्राप्त किए जाते हैं। कुछ अर्जित लक्षण, जैसे कि साइकिल चलाना, सीखने द्वारा प्राप्त किए जाते हैं। अन्य अर्जित लक्षण, जैसे कि दाग, पर्यावरण के कारण होते हैं। माता-पिता अपने अर्जित लक्षण अपनी संतति को नहीं देते।",,,,
pair_092,q_train_sqa_541,grade8,"Using only these supplies, which question can Malik investigate with an experiment?","प्रयोगों में चर (variables) होते हैं, अर्थात ऐसे भाग जो परिवर्तनशील होते हैं। आप किसी एक चर का दूसरे चर पर क्या प्रभाव पड़ता है, यह जानने के लिए एक प्रयोग की रचना कर सकते हैं। उदाहरण के लिए, मान लीजिए कि आप यह जानना चाहते हैं कि उर्वरक (fertilizer) टमाटर के पौधे पर लगने वाले टमाटरों की संख्या को प्रभावित करता है या नहीं। इस प्रश्न का उत्तर देने के लिए, आप टमाटर के पौधों के दो समान समूह बनाते हैं। इसके बाद, आप एक समूह के पौधों की मिट्टी में उर्वरक डालते हैं, जबकि दूसरे समूह में नहीं डालते। कुछ समय बाद, आप प्रत्येक पौधे पर लगे टमाटरों की संख्या गिनकर उर्वरक के प्रभाव को मापते हैं。

इस प्रयोग में, मिट्टी में डाले गए उर्वरक की मात्रा और टमाटरों की संख्या—दोनों ही चर थे。

मिट्टी में डाले गए उर्वरक की मात्रा एक स्वतंत्र चर (independent variable) थी, क्योंकि यह वह चर था जिसके प्रभाव का आप अध्ययन कर रहे थे। चर का यह प्रकार 'स्वतंत्र' इसलिए कहा जाता है क्योंकि इसका मान प्रयोग शुरू होने के बाद होने वाली किसी भी घटना पर निर्भर नहीं करता। इसके विपरीत, आपने कुछ पौधों को उर्वरक देने और अन्य को न देन",...,,,,
pair_093,q_train_sqa_770,grade3,Select the animal.,...,"पौधे और जानवर जीवित प्राणी हैं। जीवित प्राणियों को जीव कहा जाता है।
पौधे विभिन्न आकार और रूपों में पाए जाते हैं। अधिकांश पौधे मिट्टी में उगते हैं। उनमें पत्तियाँ, फूल और फल हो सकते हैं। पौधे जानवरों की तरह स्वयं चल-फिर नहीं सकते।
जानवर भी विभिन्न आकार और रूपों में पाए जाते हैं। अधिकांश जानवर चल-फिर सकते हैं। जानवर दौड़ सकते हैं, तैर सकते हैं, कूद सकते हैं या उड़ सकते हैं। भोजन के लिए जानवर पौधों या अन्य जीवों को खाते हैं।",,,,
pair_094,q_train_sqa_1021,grade8,Which sentence is more formal?,"औपचारिक लेखन का उपयोग निबंधों, व्यावसायिक पत्रों और रिपोर्टों के लिए किया जाता है। औपचारिक लेखन में निम्नलिखित अनौपचारिक भाषा के प्रकारों से बचना चाहिए:
प्रकार | उदाहरण
स्लैंग | cool, awesome
मुहावरे | knock your socks off
बोलचाल की भाषा | gonna, kinda, yeah
संक्षिप्त भाषा | ASAP, FYI
अत्यधिक सरल या अस्पष्ट भाषा | he got some stuff at the store
संक्षिप्त रूप | can't, won't
संक्षिप्त रूप अन्य प्रकारों की तुलना में इतने अनौपचारिक नहीं हैं, लेकिन औपचारिक लेखन में इन्हें सीमित मात्रा में ही उपयोग करना चाहिए।
निम्नलिखित वाक्यों की तुलना करें। पहला वाक्य अनौपचारिक है। दूसरा वाक्य औपचारिक है।
अनौपचारिक: हाँ, शुतुरमुर्ग उड़ नहीं सकते, लेकिन वे शानदार दौड़ने वाले हैं।
औपचारिक: यद्यपि शुतुरमुर्ग उड़ने में असमर्थ होते हैं, फिर भी वे अत्यंत कुशल दौड़ने वाले हैं।","वाक्य शब्दों का एक समूह है जो एक पूर्ण विचार व्यक्त करता है।
जिस बैंड में मैं हूँ, वह प्रतिदिन अभ्यास कर रहा है क्योंकि हमारे पास दो सप्ताह बाद एक संगीत कार्यक्रम है।
रन-ऑन वाक्य (Run-on sentence) तब बनता है जब दो वाक्यों को केवल एक अल्पविराम (comma) या बिल्कुल भी कोई विराम चिह्न दिए बिना आपस में जोड़ दिया जाता है। यदि केवल अल्पविराम का उपयोग किया जाता है, तो ऐसे रन-ऑन वाक्य को 'कॉमा स्पाइस' (comma splice) कहा जाता है।
जिस बैंड में मैं हूँ, वह प्रतिदिन अभ्यास कर रहा है, हमारे पास दो सप्ताह बाद एक संगीत कार्यक्रम है।
जिस बैंड में मैं हूँ, वह प्रतिदिन अभ्यास कर रहा है हमारे पास दो सप्ताह बाद एक संगीत कार्यक्रम है।
रन-ऑन वाक्य को ठीक करने के कई तरीके हैं:
मजबूत विराम चिह्नों का उपयोग करें, जैसे पूर्ण विराम (period) या अर्धविराम (semicolon)।
जिस बैंड में मैं हूँ, वह प्रतिदिन अभ्यास कर रहा है। हमारे पास दो सप्ताह बाद एक संगीत कार्यक्रम है।
जिस बैंड में मैं हूँ, वह प्रतिदिन अभ्यास कर रहा है; हमारे पास दो सप्ताह बाद एक संगीत कार्यक्रम है।
संयुक्त वाक्य (compound sentence) बनाने के लिए अल्पविर",,,,
pair_095,q_train_sqa_427,grade2,Is driving a taxi a good or a service?,"आप जो कुछ भी खरीद सकते हैं, वह या तो एक वस्तु होती है या सेवा।
वस्तु वह चीज़ है जिसे आप छू सकते हैं या अपने हाथों में पकड़ सकते हैं। उदाहरण के लिए, हथौड़ा एक वस्तु है।
सेवा वह काम है जिसके लिए आप किसी और को भुगतान करते हैं। उदाहरण के लिए, रेस्तरां में खाना बनाना एक सेवा है।",...,,,,
pair_096,q_train_sqa_193,grade2,Which property do these two objects have in common?,"किसी वस्तु के विभिन्न गुण होते हैं। वस्तु का कोई गुण यह बता सकता है कि वह कैसी दिखती है, कैसी लगती है, कैसा स्वाद आता है या कैसी गंध आती है। ये गुण यह भी बता सकते हैं कि यदि वस्तु के साथ कुछ होता है, तो वह कैसे व्यवहार करेगी। विभिन्न वस्तुओं में कुछ गुण सामान्य हो सकते हैं। आप इन गुणों का उपयोग करके वस्तुओं को विभिन्न समूहों में वर्गीकृत कर सकते हैं।",...,,,,
pair_097,q_train_sqa_435,grade4,"Which word would you find on a dictionary page with the following guide words?
beetle - black",...,"शब्दकोश के प्रत्येक पृष्ठ पर मार्गदर्शक शब्द दिखाई देते हैं। ये शब्द आपको उस पृष्ठ पर छपे पहले और अंतिम शब्द बताते हैं। पृष्ठ पर स्थित अन्य सभी शब्द वर्णानुक्रम में इन मार्गदर्शक शब्दों के मध्य आते हैं। शब्दों को वर्णानुक्रम में व्यवस्थित करने के लिए, उन्हें उनके पहले अक्षर के अनुसार क्रमबद्ध करें। यदि पहले अक्षर समान हों, तो दूसरे अक्षर देखें। यदि दूसरे अक्षर समान हों, तो तीसरे अक्षर देखें, और इसी प्रकार आगे बढ़ें।",,,,
pair_098,q_train_sqa_416,grade4,What is the direction of this pull?,...,"बल वह धक्का या खिंचाव है जो एक वस्तु किसी दूसरी वस्तु पर प्रयुक्त करती है।
धक्के की दिशा उस वस्तु से दूर की ओर होती है जो धक्का दे रही है।
खिंचाव की दिशा उस वस्तु की ओर होती है जो खींच रही है।",,,,
pair_099,q_train_sqa_247,grade8,"Is the following statement about our solar system true or false?
The four largest planets are made mainly of gas or ice.","ग्रह का आयतन आपको उसके आकार के बारे में बताता है। ग्रह की प्रमुख संरचना यह दर्शाती है कि वह ग्रह मुख्य रूप से किस पदार्थ से बना है। हमारे सौर मंडल में ग्रह मुख्य रूप से चट्टान, गैस या बर्फ से बने होते हैं।",...,,,,
pair_100,q_train_sqa_815,grade8,"Using only these supplies, which question can Danny investigate with an experiment?","प्रत्येक वस्तु एक या अधिक सामग्रियों से बनी होती है। सामग्री पदार्थ का एक प्रकार है। लकड़ी, कांच, धातु और प्लास्टिक सामान्य सामग्रियाँ हैं। किसी सामग्री की विभिन्न विशेषताएँ होती हैं। ये विशेषताएँ यह बताती हैं कि वह सामग्री कैसी दिखती है, छूने में कैसी लगती है, उसका स्वाद कैसा होता है या उसकी गंध कैसी होती है।",...,,,,
